N,P,K,temperature,humidity,crop
55,38,53,29.3,75.2,แตงกวา
49,37,67,27.0,63.6,ฟักทอง
91,57,60,29.2,74.1,ข้าวโพดหวาน
92,54,61,28.0,72.3,ข้าวโพดหวาน
62,41,51,27.9,64.5,กวางตุ้ง
25,39,27,28.6,60.6,ถั่วฝักยาว
74,52,67,24.2,60.8,มะเขือเทศ
60,31,40,30.0,80.5,ผักบุ้งจีน
49,38,58,27.7,65.1,ฟักทอง
50,32,59,27.1,62.5,ฟักทอง
60,41,44,25.7,70.1,กวางตุ้ง
61,39,53,30.0,71.0,แตงกวา
46,32,44,22.0,70.6,กรีนโอ๊ค
42,24,32,30.8,66.6,กะเพรา
39,25,29,32.0,66.0,กะเพรา
55,41,53,26.7,67.7,ฟักทอง
81,46,60,26.9,79.5,คะน้า
47,31,53,19.8,63.2,หัวไชเท้า
95,56,66,25.4,73.6,ข้าวโพดหวาน
73,48,65,23.1,62.9,มะเขือเทศ
23,34,27,29.4,54.8,ถั่วฝักยาว
74,50,65,25.5,66.9,มะเขือเทศ
82,51,72,22.1,75.6,กะหล่ำปลี
48,34,55,28.2,66.7,ฟักทอง
55,33,44,20.3,61.5,หัวไชเท้า
43,33,23,25.6,67.7,ผักชี
18,19,25,29.9,50.9,พริกขี้หนู
35,25,29,32.7,60.6,กะเพรา
48,44,38,22.4,60.1,กรีนโอ๊ค
75,45,56,27.7,77.9,คะน้า
47,32,56,21.0,63.1,หัวไชเท้า
88,48,76,22.8,78.6,กะหล่ำปลี
61,38,50,26.4,73.4,กวางตุ้ง
50,30,55,21.8,62.5,กระเทียม
45,24,48,22.4,61.8,กระเทียม
53,33,61,30.0,61.1,ฟักทอง
18,16,19,28.9,50.7,พริกขี้หนู
78,52,66,25.3,71.6,มะเขือเทศ
56,38,56,18.9,68.3,หัวไชเท้า
40,34,57,29.2,71.1,ฟักทอง
48,35,42,30.3,80.0,ผักบุ้งจีน
61,38,49,31.0,71.1,กวางตุ้ง
29,37,29,27.8,59.2,ถั่วฝักยาว
46,37,40,21.7,62.2,กรีนโอ๊ค
44,36,35,23.6,64.7,ผักชี
79,46,62,25.6,72.2,มะเขือเทศ
25,34,24,30.8,54.7,ถั่วฝักยาว
51,38,44,22.9,67.4,กรีนโอ๊ค
76,42,68,27.0,80.7,คะน้า
36,39,42,24.5,70.6,ผักชี
85,43,70,22.4,68.7,กะหล่ำปลี
91,50,72,20.9,72.7,กะหล่ำปลี
76,49,68,23.2,62.8,มะเขือเทศ
89,49,72,20.0,69.3,กะหล่ำปลี
54,36,64,26.4,63.6,ฟักทอง
52,30,42,29.9,78.6,ผักบุ้งจีน
54,32,41,30.9,72.2,ผักบุ้งจีน
51,29,46,31.6,80.6,ผักบุ้งจีน
20,12,16,28.5,52.3,พริกขี้หนู
31,29,37,31.5,62.4,กะเพรา
38,27,51,21.4,59.2,กระเทียม
54,37,50,18.3,63.2,หัวไชเท้า
36,20,26,29.0,53.0,กะเพรา
73,51,67,24.9,61.3,มะเขือเทศ
51,29,35,32.4,80.6,ผักบุ้งจีน
25,34,36,29.6,55.8,ถั่วฝักยาว
74,43,60,26.5,77.2,คะน้า
58,41,54,28.3,70.4,กวางตุ้ง
46,37,59,25.4,66.0,ฟักทอง
47,37,37,31.2,83.4,ผักบุ้งจีน
51,34,45,19.7,63.8,หัวไชเท้า
43,34,58,26.6,59.8,ฟักทอง
79,53,69,23.8,63.7,มะเขือเทศ
83,46,59,27.0,75.6,คะน้า
26,35,28,27.5,54.2,ถั่วฝักยาว
81,45,52,25.9,77.8,คะน้า
74,45,71,19.0,70.1,กะหล่ำปลี
65,35,46,28.4,66.2,กวางตุ้ง
19,34,29,27.5,58.1,ถั่วฝักยาว
84,54,69,20.0,69.7,กะหล่ำปลี
21,36,23,27.8,68.6,ถั่วฝักยาว
58,35,53,28.4,71.4,กวางตุ้ง
74,54,64,25.0,68.6,มะเขือเทศ
23,13,17,27.4,52.3,พริกขี้หนู
25,10,27,29.2,51.7,พริกขี้หนู
78,45,59,27.2,75.7,คะน้า
76,48,65,26.1,63.7,มะเขือเทศ
58,39,52,29.7,73.8,แตงกวา
22,28,35,30.2,54.6,กะเพรา
42,36,59,26.4,64.7,ฟักทอง
37,28,31,28.5,56.3,กะเพรา
80,51,64,21.3,69.5,กะหล่ำปลี
59,33,53,21.6,57.8,กระเทียม
31,26,27,31.1,52.3,กะเพรา
20,13,16,28.5,52.8,พริกขี้หนู
82,44,55,28.5,74.6,คะน้า
39,27,53,22.4,65.7,กระเทียม
53,39,55,30.7,72.9,แตงกวา
28,28,25,28.7,59.2,ถั่วฝักยาว
27,31,35,29.4,58.1,ถั่วฝักยาว
72,55,62,25.1,67.0,มะเขือเทศ
28,35,26,30.1,52.1,ถั่วฝักยาว
48,33,52,20.4,63.2,หัวไชเท้า
60,34,51,29.0,74.9,แตงกวา
89,48,64,20.0,67.5,กะหล่ำปลี
71,54,68,23.4,64.2,มะเขือเทศ
28,31,37,26.6,62.0,ถั่วฝักยาว
56,35,50,19.1,63.5,หัวไชเท้า
28,22,30,30.6,58.7,กะเพรา
86,47,75,19.3,67.7,กะหล่ำปลี
45,39,41,20.7,65.0,กรีนโอ๊ค
16,12,19,29.3,51.5,พริกขี้หนู
38,35,41,22.7,68.4,ผักชี
20,12,29,27.3,47.5,พริกขี้หนู
55,36,53,28.9,71.6,แตงกวา
51,32,49,23.9,57.6,กระเทียม
80,51,68,21.7,75.4,กะหล่ำปลี
48,31,45,21.1,58.7,กระเทียม
86,49,62,22.6,75.8,กะหล่ำปลี
73,48,75,24.5,73.9,มะเขือเทศ
52,37,44,27.7,71.7,กวางตุ้ง
24,40,31,29.1,59.9,ถั่วฝักยาว
90,52,55,27.1,80.7,ข้าวโพดหวาน
53,30,47,28.9,74.0,แตงกวา
18,12,30,29.5,54.1,พริกขี้หนู
55,39,53,22.0,69.1,หัวไชเท้า
47,34,49,22.4,58.9,กระเทียม
87,49,64,28.0,64.2,ข้าวโพดหวาน
49,32,50,19.1,51.5,หัวไชเท้า
23,34,31,30.3,60.7,ถั่วฝักยาว
75,44,68,24.8,74.3,คะน้า
48,33,37,31.5,80.7,ผักบุ้งจีน
88,48,58,27.0,73.9,คะน้า
47,34,42,22.5,60.8,กรีนโอ๊ค
69,47,65,25.4,68.5,มะเขือเทศ
63,35,50,19.6,61.7,หัวไชเท้า
39,31,42,23.3,67.9,ผักชี
19,41,25,28.8,51.9,ถั่วฝักยาว
43,30,35,31.6,74.8,ผักบุ้งจีน
51,35,45,22.8,56.0,กรีนโอ๊ค
47,36,42,22.6,72.4,กรีนโอ๊ค
28,34,29,27.0,60.7,ถั่วฝักยาว
46,34,49,23.8,73.7,กรีนโอ๊ค
53,25,32,29.2,82.4,ผักบุ้งจีน
52,28,46,30.5,78.8,ผักบุ้งจีน
92,56,54,27.0,76.0,ข้าวโพดหวาน
50,28,51,24.1,58.0,กระเทียม
56,41,48,30.5,65.4,แตงกวา
47,28,39,30.3,75.5,ผักบุ้งจีน
46,27,49,21.4,61.5,กระเทียม
56,35,43,20.9,61.0,หัวไชเท้า
35,33,32,22.0,72.1,ผักชี
75,47,61,27.1,79.4,คะน้า
43,34,51,24.7,68.0,กรีนโอ๊ค
53,41,58,26.9,72.7,กวางตุ้ง
54,39,47,27.8,71.0,แตงกวา
29,38,26,30.4,52.9,ถั่วฝักยาว
49,35,34,29.1,83.1,ผักบุ้งจีน
61,42,47,27.8,68.1,กวางตุ้ง
58,36,55,27.1,79.4,แตงกวา
25,26,31,34.0,58.6,กะเพรา
23,17,17,28.0,44.7,พริกขี้หนู
54,23,38,30.6,73.1,ผักบุ้งจีน
48,28,50,21.5,59.2,กระเทียม
22,17,18,29.3,55.4,พริกขี้หนู
54,31,46,23.2,65.5,กรีนโอ๊ค
58,31,46,19.9,63.1,หัวไชเท้า
28,33,29,30.4,53.1,กะเพรา
47,32,41,30.4,79.8,ผักบุ้งจีน
43,38,55,27.6,69.4,ฟักทอง
53,37,62,27.2,68.1,ฟักทอง
26,36,31,29.7,56.4,ถั่วฝักยาว
39,25,31,31.1,58.7,กะเพรา
46,28,48,21.4,58.4,กระเทียม
77,42,60,28.0,78.5,คะน้า
46,34,30,21.5,59.8,ผักชี
60,33,54,18.3,60.8,หัวไชเท้า
33,36,37,22.5,59.7,ผักชี
33,27,36,24.2,64.0,ผักชี
54,34,48,18.1,67.3,หัวไชเท้า
55,37,49,21.8,63.9,กรีนโอ๊ค
47,29,63,25.2,65.0,ฟักทอง
56,35,51,20.5,68.1,หัวไชเท้า
36,22,25,31.6,59.4,กะเพรา
92,56,55,28.9,73.0,ข้าวโพดหวาน
23,37,30,28.6,63.5,ถั่วฝักยาว
30,22,33,30.8,53.3,กะเพรา
88,40,64,28.2,75.3,คะน้า
80,49,61,28.2,77.2,คะน้า
14,11,21,27.6,55.9,พริกขี้หนู
50,25,37,31.4,72.4,ผักบุ้งจีน
52,39,46,29.6,70.1,กวางตุ้ง
51,31,67,28.5,62.1,ฟักทอง
38,25,28,29.9,54.9,กะเพรา
56,35,49,19.6,72.0,หัวไชเท้า
51,36,39,24.0,64.6,กรีนโอ๊ค
62,35,46,21.0,64.1,หัวไชเท้า
55,43,48,30.4,75.7,แตงกวา
55,34,55,18.7,70.2,หัวไชเท้า
36,25,33,32.4,56.9,กะเพรา
24,35,29,28.8,60.4,ถั่วฝักยาว
25,15,17,29.8,55.1,พริกขี้หนู
39,18,29,35.2,58.0,กะเพรา
56,38,52,21.1,65.6,หัวไชเท้า
53,46,46,28.7,70.6,แตงกวา
17,15,19,30.8,46.8,พริกขี้หนู
54,32,55,31.2,68.7,ฟักทอง
56,33,52,25.4,60.9,ฟักทอง
59,32,52,20.0,72.1,หัวไชเท้า
26,34,28,28.8,53.0,ถั่วฝักยาว
41,33,35,24.0,61.6,ผักชี
47,35,34,22.9,75.3,ผักชี
41,22,51,23.0,56.2,กระเทียม
49,31,43,30.4,76.0,ผักบุ้งจีน
56,39,44,27.3,71.3,แตงกวา
61,41,52,31.0,68.0,กวางตุ้ง
18,15,20,27.8,54.2,พริกขี้หนู
77,43,61,27.1,75.9,คะน้า
25,40,25,26.6,54.1,ถั่วฝักยาว
20,15,23,28.1,52.2,พริกขี้หนู
40,24,47,22.8,57.9,กระเทียม
57,34,54,21.7,60.9,หัวไชเท้า
82,52,68,20.6,64.5,กะหล่ำปลี
47,27,51,22.3,68.3,กระเทียม
20,15,13,30.2,48.9,พริกขี้หนู
51,32,47,30.7,75.4,ผักบุ้งจีน
42,32,52,22.9,62.5,กรีนโอ๊ค
81,49,66,20.8,72.7,กะหล่ำปลี
52,39,44,30.9,75.2,กวางตุ้ง
46,31,39,31.4,75.9,ผักบุ้งจีน
79,50,74,22.9,72.4,กะหล่ำปลี
49,33,40,21.3,56.4,กระเทียม
54,38,57,27.5,72.5,แตงกวา
52,29,40,32.4,75.1,ผักบุ้งจีน
52,35,62,29.0,62.5,ฟักทอง
82,50,72,21.3,68.7,กะหล่ำปลี
57,35,51,21.7,64.1,หัวไชเท้า
42,31,44,21.1,68.9,กรีนโอ๊ค
55,40,45,27.8,69.1,แตงกวา
57,42,49,28.4,72.3,กวางตุ้ง
93,53,54,27.8,69.0,ข้าวโพดหวาน
31,33,32,26.8,57.3,ถั่วฝักยาว
45,33,47,23.4,66.8,กรีนโอ๊ค
80,55,69,20.3,74.7,กะหล่ำปลี
38,35,48,22.7,58.9,กระเทียม
53,27,43,32.6,79.4,ผักบุ้งจีน
54,36,47,19.4,63.4,หัวไชเท้า
44,38,48,21.1,63.6,กรีนโอ๊ค
55,41,49,29.6,70.8,แตงกวา
59,37,46,30.6,74.3,แตงกวา
37,33,24,25.4,70.4,ผักชี
85,52,52,26.9,72.3,ข้าวโพดหวาน
48,31,51,20.4,61.5,หัวไชเท้า
25,18,14,29.5,55.0,พริกขี้หนู
47,38,41,24.5,69.1,ผักชี
51,32,54,27.8,63.2,ฟักทอง
51,34,55,28.9,63.0,ฟักทอง
93,49,69,18.4,70.4,กะหล่ำปลี
61,33,53,19.8,61.5,หัวไชเท้า
35,37,36,23.8,67.0,ผักชี
26,34,32,27.4,55.0,ถั่วฝักยาว
51,24,34,31.9,78.6,ผักบุ้งจีน
59,45,56,28.0,69.9,กวางตุ้ง
57,28,40,31.0,82.2,ผักบุ้งจีน
68,49,63,24.4,69.5,มะเขือเทศ
30,31,31,28.7,59.2,ถั่วฝักยาว
54,30,35,30.1,80.4,ผักบุ้งจีน
43,32,45,22.7,64.5,กรีนโอ๊ค
49,32,46,22.8,60.4,กระเทียม
87,59,54,27.2,70.0,ข้าวโพดหวาน
86,56,63,28.3,69.2,ข้าวโพดหวาน
67,38,45,30.3,78.9,กวางตุ้ง
81,41,62,27.5,71.5,คะน้า
41,27,42,23.4,60.4,กระเทียม
51,33,51,19.6,73.1,หัวไชเท้า
80,39,61,27.5,76.6,คะน้า
59,35,54,27.6,69.2,กวางตุ้ง
48,34,65,28.3,67.0,ฟักทอง
76,47,71,26.2,70.8,มะเขือเทศ
50,38,51,24.0,65.1,กรีนโอ๊ค
47,30,36,30.3,73.1,ผักบุ้งจีน
54,34,44,24.3,68.4,กรีนโอ๊ค
73,46,57,28.1,78.0,คะน้า
47,36,60,27.9,71.8,ฟักทอง
78,53,58,26.4,75.2,มะเขือเทศ
88,50,74,21.1,68.5,กะหล่ำปลี
20,3,16,28.5,57.3,พริกขี้หนู
85,55,56,28.5,72.6,ข้าวโพดหวาน
27,35,33,25.9,65.1,ผักชี
24,37,29,28.8,62.0,ถั่วฝักยาว
36,32,35,21.2,70.9,ผักชี
53,27,59,26.7,65.5,ฟักทอง
44,36,35,24.1,66.4,ผักชี
18,16,21,31.2,46.6,พริกขี้หนู
41,34,46,23.1,58.3,กระเทียม
58,33,54,20.1,64.4,หัวไชเท้า
28,37,32,30.1,54.2,ถั่วฝักยาว
45,41,50,24.2,60.1,กรีนโอ๊ค
27,36,34,28.4,53.1,ถั่วฝักยาว
90,57,50,28.1,68.3,ข้าวโพดหวาน
81,48,54,26.6,75.3,คะน้า
44,30,41,31.0,77.2,ผักบุ้งจีน
77,45,61,27.2,74.4,คะน้า
82,51,69,23.5,76.3,กะหล่ำปลี
55,39,49,28.3,73.2,กวางตุ้ง
86,60,54,28.9,71.6,ข้าวโพดหวาน
48,39,58,26.8,71.1,ฟักทอง
38,35,30,23.0,65.3,ผักชี
82,45,58,27.7,80.4,คะน้า
30,22,30,29.4,58.1,กะเพรา
49,33,42,22.8,64.8,กรีนโอ๊ค
62,36,49,28.3,72.8,กวางตุ้ง
28,15,14,28.2,50.4,พริกขี้หนู
88,45,69,22.2,71.0,กะหล่ำปลี
51,35,40,34.1,80.0,ผักบุ้งจีน
50,35,45,21.7,70.6,กรีนโอ๊ค
27,39,27,28.6,58.1,ถั่วฝักยาว
51,34,43,30.8,77.9,ผักบุ้งจีน
53,35,46,23.9,63.2,กรีนโอ๊ค
52,26,45,21.2,57.5,กระเทียม
59,40,56,29.5,72.8,แตงกวา
73,43,52,27.9,70.8,คะน้า
15,11,18,28.4,50.1,พริกขี้หนู
76,42,60,27.6,83.2,คะน้า
80,49,69,24.4,68.9,มะเขือเทศ
57,35,38,23.0,60.8,กรีนโอ๊ค
89,55,49,29.6,69.5,ข้าวโพดหวาน
50,35,46,21.6,59.1,กรีนโอ๊ค
84,46,69,25.2,82.4,คะน้า
82,51,73,21.1,72.1,กะหล่ำปลี
50,33,37,31.7,77.3,ผักบุ้งจีน
46,40,62,31.4,63.4,ฟักทอง
21,12,22,29.1,46.0,พริกขี้หนู
38,22,28,32.1,55.7,กะเพรา
55,31,51,29.6,63.7,กวางตุ้ง
20,36,27,25.4,59.6,ถั่วฝักยาว
89,54,58,28.1,71.9,ข้าวโพดหวาน
54,41,44,29.7,69.2,แตงกวา
76,44,60,27.6,73.2,คะน้า
41,39,56,27.1,65.5,ฟักทอง
37,35,33,23.7,67.7,ผักชี
57,36,59,30.6,72.0,แตงกวา
49,31,40,29.5,81.5,ผักบุ้งจีน
34,28,39,29.8,57.2,กะเพรา
29,23,32,30.3,63.6,กะเพรา
44,28,49,20.9,63.5,กระเทียม
81,44,74,19.3,70.8,กะหล่ำปลี
63,43,50,28.7,69.8,กวางตุ้ง
88,53,66,20.0,72.1,กะหล่ำปลี
60,32,48,25.4,69.1,แตงกวา
53,31,36,30.9,78.0,ผักบุ้งจีน
83,46,67,21.5,73.3,กะหล่ำปลี
45,34,48,23.0,66.7,กรีนโอ๊ค
86,60,60,25.8,71.4,ข้าวโพดหวาน
56,42,47,28.2,77.8,แตงกวา
61,35,56,28.7,72.1,แตงกวา
80,50,63,23.0,67.7,มะเขือเทศ
16,10,22,29.8,57.5,พริกขี้หนู
53,34,60,28.2,64.9,ฟักทอง
37,23,29,31.4,60.9,กะเพรา
47,38,45,23.9,70.4,กรีนโอ๊ค
54,33,46,24.7,65.8,กรีนโอ๊ค
49,27,33,31.2,75.4,ผักบุ้งจีน
48,30,34,32.1,77.4,ผักบุ้งจีน
37,33,32,23.2,63.6,ผักชี
52,34,47,18.4,64.2,หัวไชเท้า
58,36,45,28.2,75.4,แตงกวา
33,21,29,32.2,53.8,กะเพรา
54,34,68,27.5,72.0,ฟักทอง
44,34,31,23.1,61.6,ผักชี
72,45,68,27.3,77.9,คะน้า
30,30,36,29.0,58.6,ถั่วฝักยาว
47,41,45,29.1,70.1,แตงกวา
88,55,58,28.9,77.0,ข้าวโพดหวาน
50,37,45,28.4,71.9,แตงกวา
63,38,49,28.5,65.3,กวางตุ้ง
16,18,18,27.2,44.8,พริกขี้หนู
50,32,58,19.6,62.7,หัวไชเท้า
76,52,67,22.9,71.5,มะเขือเทศ
35,27,23,32.5,60.9,กะเพรา
81,45,64,22.2,72.5,กะหล่ำปลี
25,34,35,29.0,55.1,ถั่วฝักยาว
44,29,50,21.3,64.5,กระเทียม
47,31,53,22.6,63.0,กระเทียม
19,11,21,28.7,52.0,พริกขี้หนู
58,35,45,22.2,66.7,กรีนโอ๊ค
46,25,36,32.3,74.7,ผักบุ้งจีน
54,33,50,29.4,72.5,แตงกวา
80,48,73,22.2,71.9,กะหล่ำปลี
32,20,38,31.5,57.8,กะเพรา
51,34,56,20.9,68.8,หัวไชเท้า
61,42,48,27.8,77.0,กวางตุ้ง
54,33,46,17.1,64.4,หัวไชเท้า
50,28,38,30.6,79.5,ผักบุ้งจีน
41,38,28,25.5,72.8,ผักชี
48,29,43,22.4,65.3,กรีนโอ๊ค
51,29,42,31.3,82.8,ผักบุ้งจีน
40,31,38,23.9,64.4,ผักชี
26,25,22,31.6,61.0,กะเพรา
54,32,38,19.1,67.5,หัวไชเท้า
84,41,66,28.8,80.6,คะน้า
88,55,70,20.7,71.3,กะหล่ำปลี
53,45,45,29.1,72.9,แตงกวา
87,50,71,21.6,69.9,กะหล่ำปลี
63,44,45,27.8,71.9,กวางตุ้ง
81,45,65,24.1,69.6,คะน้า
56,39,56,25.4,73.8,แตงกวา
91,52,57,28.1,69.8,ข้าวโพดหวาน
58,38,54,22.4,69.4,หัวไชเท้า
53,40,51,29.8,72.3,กวางตุ้ง
25,32,30,29.4,57.8,ถั่วฝักยาว
82,39,65,27.1,76.6,คะน้า
48,35,43,23.0,63.4,กรีนโอ๊ค
91,53,56,27.4,70.4,ข้าวโพดหวาน
32,26,29,31.3,55.3,กะเพรา
19,19,17,28.3,53.7,พริกขี้หนู
47,42,52,29.6,76.6,แตงกวา
57,44,48,28.8,72.9,กวางตุ้ง
26,14,19,29.1,51.6,พริกขี้หนู
27,29,30,32.0,62.8,กะเพรา
46,34,59,28.6,66.4,ฟักทอง
39,28,47,23.1,61.8,กระเทียม
56,35,47,28.2,70.7,แตงกวา
54,35,56,19.4,63.9,หัวไชเท้า
52,41,55,28.4,73.9,แตงกวา
88,53,53,26.4,76.5,ข้าวโพดหวาน
76,42,64,25.4,76.5,คะน้า
50,31,44,20.7,67.2,กรีนโอ๊ค
37,34,37,23.3,58.5,ผักชี
54,31,41,31.7,79.6,ผักบุ้งจีน
42,36,36,23.7,60.7,ผักชี
42,28,32,23.3,66.7,ผักชี
13,17,22,29.5,55.2,พริกขี้หนู
56,36,46,18.6,65.2,หัวไชเท้า
22,36,37,29.7,59.9,ถั่วฝักยาว
40,26,50,20.6,58.5,กระเทียม
42,32,56,27.8,63.7,ฟักทอง
92,54,68,19.1,71.2,กะหล่ำปลี
40,28,28,32.5,59.2,กะเพรา
55,30,41,20.6,66.1,หัวไชเท้า
47,28,55,20.1,67.5,กระเทียม
44,28,48,23.7,51.9,กระเทียม
36,37,27,24.8,61.2,ผักชี
50,25,34,30.1,77.3,ผักบุ้งจีน
82,52,67,25.4,65.7,มะเขือเทศ
31,28,35,30.5,52.9,กะเพรา
36,31,32,23.9,61.3,ผักชี
50,37,51,21.9,56.8,กระเทียม
58,37,54,21.5,57.5,หัวไชเท้า
53,34,48,29.1,76.3,แตงกวา
78,43,63,24.8,78.2,คะน้า
44,28,48,21.7,62.0,กระเทียม
44,27,35,30.1,77.9,ผักบุ้งจีน
82,45,56,27.4,74.5,คะน้า
40,37,37,24.3,69.2,ผักชี
37,36,39,24.7,70.7,ผักชี
96,55,58,28.9,71.4,ข้าวโพดหวาน
55,38,52,18.0,66.0,หัวไชเท้า
43,36,54,22.8,62.3,กระเทียม
57,35,52,20.1,64.8,หัวไชเท้า
30,28,27,31.6,61.3,กะเพรา
83,42,51,27.2,80.8,คะน้า
50,37,47,27.7,71.3,แตงกวา
93,49,56,28.3,73.1,ข้าวโพดหวาน
56,40,54,29.5,70.0,แตงกวา
43,28,40,31.1,76.4,ผักบุ้งจีน
42,32,41,32.5,80.4,ผักบุ้งจีน
55,39,51,31.3,72.4,แตงกวา
92,58,61,28.8,73.7,ข้าวโพดหวาน
98,53,64,27.1,77.4,ข้าวโพดหวาน
37,34,34,24.2,65.3,ผักชี
66,41,50,28.2,68.7,กวางตุ้ง
44,32,36,22.3,70.3,กรีนโอ๊ค
56,44,52,29.7,69.7,กวางตุ้ง
93,55,58,27.6,72.1,ข้าวโพดหวาน
52,29,41,29.6,86.6,ผักบุ้งจีน
47,30,50,30.9,82.0,ผักบุ้งจีน
89,48,74,20.9,75.5,กะหล่ำปลี
77,51,67,23.7,68.4,มะเขือเทศ
48,32,67,30.6,63.8,ฟักทอง
86,58,58,29.0,73.9,ข้าวโพดหวาน
27,33,30,27.8,58.5,ถั่วฝักยาว
47,27,48,22.1,64.5,กระเทียม
86,55,67,29.6,75.2,ข้าวโพดหวาน
35,31,30,23.9,66.5,ผักชี
84,49,70,20.6,77.2,กะหล่ำปลี
78,42,58,28.9,80.8,คะน้า
52,30,39,30.6,72.8,ผักบุ้งจีน
57,41,51,27.9,68.5,กวางตุ้ง
90,58,64,29.0,70.9,ข้าวโพดหวาน
45,32,40,24.3,64.4,ผักชี
26,16,15,28.9,48.1,พริกขี้หนู
19,17,23,29.0,45.8,พริกขี้หนู
35,27,29,30.0,58.2,กะเพรา
92,57,56,26.8,68.8,ข้าวโพดหวาน
89,47,67,22.6,72.1,กะหล่ำปลี
20,31,27,29.0,59.3,ถั่วฝักยาว
78,54,58,27.7,73.8,ข้าวโพดหวาน
81,51,66,21.8,69.4,กะหล่ำปลี
28,16,21,27.7,54.2,พริกขี้หนู
37,27,25,34.1,60.7,กะเพรา
61,37,51,29.4,76.3,กวางตุ้ง
44,33,55,22.6,64.3,กระเทียม
40,38,38,25.2,66.1,ผักชี
45,29,44,20.8,62.5,กระเทียม
87,55,57,27.7,66.9,ข้าวโพดหวาน
89,53,53,28.4,72.5,ข้าวโพดหวาน
44,27,46,20.1,59.5,กระเทียม
25,39,31,26.6,59.8,ถั่วฝักยาว
90,45,73,19.7,74.1,กะหล่ำปลี
24,14,26,30.1,49.5,พริกขี้หนู
33,22,27,31.5,54.3,กะเพรา
41,27,26,31.1,58.5,กะเพรา
54,26,40,30.2,82.2,ผักบุ้งจีน
51,30,40,31.7,74.4,ผักบุ้งจีน
63,37,47,28.1,67.3,กวางตุ้ง
58,39,49,28.4,73.7,กวางตุ้ง
64,45,56,27.9,68.1,กวางตุ้ง
32,21,32,33.2,56.9,กะเพรา
49,32,35,31.5,78.6,ผักบุ้งจีน
33,24,29,32.3,60.1,กะเพรา
48,29,48,23.1,59.7,กระเทียม
80,54,64,25.2,71.9,มะเขือเทศ
58,45,52,28.5,76.6,แตงกวา
21,17,17,28.0,54.1,พริกขี้หนู
42,33,51,20.3,57.6,กระเทียม
47,29,44,31.7,76.7,ผักบุ้งจีน
25,38,29,28.5,55.9,ถั่วฝักยาว
58,35,39,32.2,80.3,ผักบุ้งจีน
82,42,68,27.7,76.0,คะน้า
85,48,60,27.1,79.9,คะน้า
33,19,29,28.7,59.2,กะเพรา
43,32,52,23.4,59.7,กระเทียม
48,33,45,22.2,61.8,กระเทียม
21,20,17,26.9,54.9,พริกขี้หนู
42,33,30,32.4,51.8,กะเพรา
80,40,56,27.2,77.7,คะน้า
51,28,40,32.5,78.7,ผักบุ้งจีน
42,29,48,21.1,60.0,กระเทียม
55,40,51,29.9,77.5,กวางตุ้ง
60,34,46,18.7,67.6,หัวไชเท้า
45,40,33,24.7,66.7,กรีนโอ๊ค
54,33,40,23.8,66.3,กรีนโอ๊ค
23,34,35,28.6,58.5,ถั่วฝักยาว
42,34,54,28.8,59.5,ฟักทอง
44,32,42,30.9,84.5,ผักบุ้งจีน
24,14,19,29.2,48.0,พริกขี้หนู
53,37,54,28.7,66.1,ฟักทอง
50,25,36,32.4,75.7,ผักบุ้งจีน
62,40,53,28.8,69.9,กวางตุ้ง
74,46,63,27.2,70.0,มะเขือเทศ
45,24,42,31.9,76.0,ผักบุ้งจีน
45,29,47,21.2,54.4,กระเทียม
58,37,46,20.0,67.2,หัวไชเท้า
50,29,50,23.2,55.3,กระเทียม
71,45,68,23.7,66.8,มะเขือเทศ
62,42,53,20.1,61.7,หัวไชเท้า
61,36,50,28.5,71.3,กวางตุ้ง
58,39,48,28.8,69.5,แตงกวา
53,21,48,30.8,81.9,ผักบุ้งจีน
70,47,69,27.3,69.4,มะเขือเทศ
38,38,60,26.1,65.4,ฟักทอง
91,53,54,30.0,72.4,ข้าวโพดหวาน
39,22,29,30.2,64.2,กะเพรา
72,41,49,29.1,75.1,กวางตุ้ง
68,49,62,25.4,65.2,มะเขือเทศ
58,40,46,27.1,74.2,กวางตุ้ง
83,44,59,28.2,75.5,คะน้า
61,43,52,28.8,66.2,กวางตุ้ง
44,35,61,27.7,70.2,ฟักทอง
81,45,51,27.2,85.7,คะน้า
44,39,35,23.0,56.5,ผักชี
32,32,29,26.0,64.6,ผักชี
29,41,35,27.6,55.6,ถั่วฝักยาว
39,33,52,22.0,60.0,กระเทียม
26,33,26,29.2,57.5,ถั่วฝักยาว
65,38,50,19.0,64.4,หัวไชเท้า
81,57,63,28.0,66.7,ข้าวโพดหวาน
49,34,55,25.5,67.9,ฟักทอง
52,33,40,31.9,77.7,ผักบุ้งจีน
81,52,66,24.5,66.0,มะเขือเทศ
34,29,32,32.0,53.8,กะเพรา
63,36,51,26.9,73.6,กวางตุ้ง
55,44,49,29.7,74.8,แตงกวา
79,44,53,28.8,78.1,คะน้า
56,41,52,30.3,67.0,แตงกวา
16,32,27,28.3,58.5,ถั่วฝักยาว
48,23,35,28.8,76.8,ผักบุ้งจีน
52,38,51,27.1,66.9,แตงกวา
60,39,54,30.4,73.5,แตงกวา
54,33,51,19.7,65.6,หัวไชเท้า
26,35,31,27.3,59.3,ถั่วฝักยาว
55,36,45,23.3,63.6,กรีนโอ๊ค
75,47,62,22.6,75.1,มะเขือเทศ
39,20,26,28.8,55.3,กะเพรา
27,38,33,28.1,54.2,ถั่วฝักยาว
19,10,16,30.0,52.8,พริกขี้หนู
76,49,75,24.7,67.2,มะเขือเทศ
27,12,13,26.6,51.5,พริกขี้หนู
53,30,37,23.3,66.7,กรีนโอ๊ค
50,29,58,28.3,66.5,ฟักทอง
91,51,70,20.7,75.2,กะหล่ำปลี
90,49,63,20.9,73.3,กะหล่ำปลี
54,35,46,19.1,62.4,หัวไชเท้า
89,52,57,26.5,70.3,ข้าวโพดหวาน
59,44,44,28.5,67.6,กวางตุ้ง
91,55,63,28.6,74.5,ข้าวโพดหวาน
39,31,47,22.3,63.0,กระเทียม
79,48,54,25.3,76.0,คะน้า
37,35,51,20.9,62.7,กระเทียม
20,14,18,28.2,53.6,พริกขี้หนู
71,46,66,25.2,67.5,มะเขือเทศ
36,30,36,23.0,66.1,ผักชี
46,32,53,21.9,58.5,กระเทียม
54,31,35,30.6,82.2,ผักบุ้งจีน
57,37,56,28.6,77.4,แตงกวา
62,32,50,28.9,75.2,กวางตุ้ง
29,34,33,24.5,64.5,ผักชี
18,15,21,29.4,51.5,พริกขี้หนู
86,54,59,27.1,68.6,ข้าวโพดหวาน
26,36,26,28.4,57.5,ถั่วฝักยาว
37,28,49,23.5,59.6,กระเทียม
48,39,42,24.9,70.0,กรีนโอ๊ค
19,34,21,30.0,62.3,ถั่วฝักยาว
77,48,60,26.5,72.3,มะเขือเทศ
60,40,45,28.9,71.5,กวางตุ้ง
58,40,46,28.5,77.9,แตงกวา
49,31,53,24.2,62.7,กระเทียม
86,49,66,21.4,71.3,กะหล่ำปลี
93,57,63,28.7,68.0,ข้าวโพดหวาน
61,40,52,29.2,70.8,กวางตุ้ง
40,34,34,24.9,66.1,ผักชี
64,47,46,26.8,73.1,กวางตุ้ง
65,39,53,30.4,76.6,กวางตุ้ง
23,37,29,29.5,58.6,ถั่วฝักยาว
14,17,18,27.3,56.7,พริกขี้หนู
95,59,56,28.1,74.4,ข้าวโพดหวาน
31,36,26,26.9,56.6,ถั่วฝักยาว
53,41,51,30.6,76.2,แตงกวา
22,11,18,29.0,51.9,พริกขี้หนู
41,31,33,22.8,66.9,ผักชี
39,27,34,25.3,61.9,ผักชี
20,12,25,28.2,56.0,พริกขี้หนู
59,38,53,28.1,79.8,แตงกวา
89,57,62,28.7,76.9,ข้าวโพดหวาน
51,39,43,29.4,68.1,แตงกวา
84,47,55,28.0,77.8,คะน้า
35,27,28,34.4,58.6,กะเพรา
84,52,73,19.8,78.1,กะหล่ำปลี
85,47,67,26.9,75.6,กะหล่ำปลี
39,34,31,24.0,64.8,ผักชี
47,41,47,28.8,67.3,แตงกวา
93,53,67,28.3,75.0,ข้าวโพดหวาน
40,26,50,22.0,55.7,กระเทียม
89,55,68,19.9,73.3,กะหล่ำปลี
54,39,43,29.4,72.3,กวางตุ้ง
99,55,55,29.0,78.5,ข้าวโพดหวาน
34,20,33,32.9,51.2,กะเพรา
79,47,60,25.4,76.1,คะน้า
50,35,34,21.7,62.0,กรีนโอ๊ค
37,29,29,31.8,62.5,กะเพรา
56,29,46,19.2,64.1,หัวไชเท้า
45,41,47,22.0,64.3,กรีนโอ๊ค
91,52,56,26.9,71.7,ข้าวโพดหวาน
54,35,43,23.2,62.7,กรีนโอ๊ค
49,32,44,21.8,67.4,กระเทียม
72,49,67,26.3,71.3,มะเขือเทศ
19,12,28,29.6,51.5,พริกขี้หนู
65,39,41,27.8,76.5,กวางตุ้ง
45,23,55,22.3,59.6,กระเทียม
85,45,67,21.6,69.4,กะหล่ำปลี
46,40,39,23.8,63.7,ผักชี
74,51,54,25.2,64.0,มะเขือเทศ
92,57,57,27.8,68.9,ข้าวโพดหวาน
49,32,63,26.4,65.3,ฟักทอง
37,37,35,24.4,62.3,ผักชี
34,22,32,31.0,53.4,กะเพรา
44,35,57,27.3,65.5,ฟักทอง
80,43,60,28.8,80.1,คะน้า
52,35,58,19.4,61.4,หัวไชเท้า
81,41,66,23.3,69.7,มะเขือเทศ
55,40,38,28.3,66.3,กวางตุ้ง
74,42,56,28.3,81.3,คะน้า
40,28,33,27.2,64.2,ผักชี
50,34,61,29.7,67.9,ฟักทอง
33,24,25,33.4,61.1,กะเพรา
42,34,29,23.2,64.1,ผักชี
19,18,20,29.9,55.6,พริกขี้หนู
61,41,54,27.2,74.4,กวางตุ้ง
88,55,54,28.3,65.1,ข้าวโพดหวาน
35,36,28,23.3,63.8,ผักชี
49,38,60,30.1,60.3,ฟักทอง
51,36,55,26.7,68.3,ฟักทอง
51,34,39,32.9,68.8,ผักบุ้งจีน
24,36,30,28.6,55.8,ถั่วฝักยาว
24,34,28,28.4,54.1,ถั่วฝักยาว
90,49,78,19.4,73.5,กะหล่ำปลี
13,13,15,30.4,50.0,พริกขี้หนู
45,27,54,19.8,59.2,กระเทียม
67,39,47,26.7,65.7,กวางตุ้ง
36,24,32,29.9,55.4,กะเพรา
44,34,49,20.8,64.8,หัวไชเท้า
69,47,62,24.0,67.1,มะเขือเทศ
23,11,15,29.7,51.8,พริกขี้หนู
48,34,39,22.0,66.4,กรีนโอ๊ค
74,51,65,24.8,72.1,มะเขือเทศ
35,26,39,31.2,56.9,กะเพรา
61,35,55,27.1,72.8,กวางตุ้ง
56,39,48,29.5,71.1,แตงกวา
61,34,51,20.1,63.6,หัวไชเท้า
86,59,52,26.1,70.3,ข้าวโพดหวาน
69,46,59,26.4,78.9,คะน้า
34,38,36,23.1,64.5,ผักชี
87,51,59,27.4,74.1,ข้าวโพดหวาน
89,48,60,28.4,70.2,ข้าวโพดหวาน
56,37,49,27.6,74.4,กวางตุ้ง
29,39,27,28.6,58.6,ถั่วฝักยาว
47,35,49,25.1,70.0,กรีนโอ๊ค
53,33,56,28.2,68.1,ฟักทอง
60,40,52,29.7,77.0,แตงกวา
41,38,53,28.5,70.4,แตงกวา
76,51,61,24.4,67.4,มะเขือเทศ
33,36,33,24.1,66.6,ผักชี
84,55,65,21.6,79.7,กะหล่ำปลี
84,51,71,21.2,66.5,กะหล่ำปลี
61,37,52,27.4,70.5,กวางตุ้ง
60,39,49,28.3,76.0,กวางตุ้ง
41,31,40,23.3,68.2,ผักชี
52,36,64,27.6,58.7,ฟักทอง
95,57,60,28.3,70.9,ข้าวโพดหวาน
74,50,66,24.1,69.6,มะเขือเทศ
20,16,20,29.6,50.5,พริกขี้หนู
56,30,49,18.9,66.0,หัวไชเท้า
21,32,27,26.4,54.5,ถั่วฝักยาว
25,36,28,29.1,63.2,ถั่วฝักยาว
48,36,48,19.0,63.8,หัวไชเท้า
33,33,35,28.9,55.7,ถั่วฝักยาว
52,33,54,21.6,60.1,หัวไชเท้า
55,38,45,27.6,77.5,แตงกวา
50,31,57,27.6,63.8,ฟักทอง
36,24,26,31.6,52.5,กะเพรา
55,37,44,28.2,73.6,กวางตุ้ง
52,28,63,27.8,63.4,ฟักทอง
49,30,44,21.5,65.7,กรีนโอ๊ค
32,28,31,31.8,60.8,กะเพรา
13,13,21,29.9,59.7,พริกขี้หนู
83,50,66,19.2,69.4,กะหล่ำปลี
40,24,31,31.0,58.6,กะเพรา
54,40,49,29.7,69.6,แตงกวา
71,44,62,24.8,70.3,มะเขือเทศ
52,29,56,19.7,72.6,หัวไชเท้า
37,35,36,22.9,69.4,ผักชี
10,12,18,26.8,47.9,พริกขี้หนู
52,27,47,21.1,60.3,กระเทียม
38,22,33,31.4,58.1,กะเพรา
45,23,41,24.6,62.2,กระเทียม
65,46,68,24.7,68.7,มะเขือเทศ
32,21,29,31.4,60.7,กะเพรา
31,37,32,30.0,50.9,ถั่วฝักยาว
39,21,31,30.5,57.3,กะเพรา
44,31,48,23.0,66.9,กระเทียม
87,40,57,26.1,80.5,คะน้า
38,24,23,33.8,57.8,กะเพรา
50,30,54,24.7,72.6,กรีนโอ๊ค
43,38,32,22.8,65.2,ผักชี
39,35,39,23.8,63.0,ผักชี
17,14,18,26.7,50.9,พริกขี้หนู
45,29,53,21.8,55.8,กระเทียม
46,35,48,23.7,74.6,กรีนโอ๊ค
62,40,50,28.1,73.2,กวางตุ้ง
39,37,47,25.0,62.0,ผักชี
21,20,13,27.6,55.0,พริกขี้หนู
53,33,41,23.3,59.8,กรีนโอ๊ค
50,34,65,28.5,66.6,ฟักทอง
53,33,35,31.7,80.5,ผักบุ้งจีน
48,29,48,21.3,58.9,กระเทียม
80,50,69,19.2,68.3,กะหล่ำปลี
55,38,54,30.9,74.4,แตงกวา
82,46,66,26.9,70.1,มะเขือเทศ
42,42,26,24.7,63.1,ผักชี
22,20,11,28.2,51.3,พริกขี้หนู
15,13,11,28.1,50.9,พริกขี้หนู
42,32,35,22.5,64.1,ผักชี
81,39,55,24.5,77.7,คะน้า
64,38,49,28.6,75.0,กวางตุ้ง
86,49,70,21.3,75.6,กะหล่ำปลี
46,32,44,30.0,81.4,ผักบุ้งจีน
46,24,46,22.1,64.2,กระเทียม
55,34,48,22.1,66.5,หัวไชเท้า
51,36,46,23.9,64.4,กรีนโอ๊ค
53,38,48,20.2,61.0,หัวไชเท้า
47,28,46,24.9,58.9,กระเทียม
50,39,55,29.4,72.1,แตงกวา
63,40,54,29.4,74.0,แตงกวา
83,50,53,24.9,75.8,คะน้า
74,47,62,26.8,79.2,คะน้า
88,58,55,27.9,70.3,ข้าวโพดหวาน
44,35,53,20.3,67.5,หัวไชเท้า
48,35,58,28.8,65.5,ฟักทอง
28,36,30,28.8,55.9,ถั่วฝักยาว
89,54,64,27.4,74.0,ข้าวโพดหวาน
78,41,61,27.1,79.2,คะน้า
22,12,19,30.9,55.5,พริกขี้หนู
46,36,33,23.4,64.4,ผักชี
95,54,55,29.6,70.1,ข้าวโพดหวาน
48,32,58,26.0,69.7,ฟักทอง
91,53,62,29.8,62.9,ข้าวโพดหวาน
79,44,62,28.1,77.8,คะน้า
76,48,74,21.1,69.6,กะหล่ำปลี
50,36,42,23.2,62.1,กรีนโอ๊ค
50,26,34,32.9,75.0,ผักบุ้งจีน
40,31,34,24.5,66.3,ผักชี
51,32,57,29.3,65.5,ฟักทอง
52,35,50,30.3,75.0,แตงกวา
57,38,47,28.7,69.1,กวางตุ้ง
47,28,37,32.4,83.0,ผักบุ้งจีน
54,37,62,29.0,62.4,ฟักทอง
84,49,70,22.6,69.4,กะหล่ำปลี
53,35,50,17.5,67.3,หัวไชเท้า
36,23,27,31.9,56.1,กะเพรา
70,50,60,24.2,65.5,มะเขือเทศ
34,24,32,31.6,56.6,กะเพรา
41,28,34,24.0,67.8,ผักชี
78,53,66,22.7,67.5,มะเขือเทศ
87,56,61,28.1,72.6,ข้าวโพดหวาน
25,20,19,29.4,48.5,พริกขี้หนู
50,36,44,21.1,65.1,กรีนโอ๊ค
95,53,65,28.5,65.7,ข้าวโพดหวาน
87,55,63,22.5,74.6,กะหล่ำปลี
22,32,35,28.5,60.0,ถั่วฝักยาว
88,48,60,28.2,81.9,คะน้า
82,50,58,27.4,71.7,คะน้า
42,38,37,24.3,61.5,ผักชี
88,51,56,29.4,72.9,ข้าวโพดหวาน
93,55,59,30.0,79.5,ข้าวโพดหวาน
50,38,47,21.8,62.7,กรีนโอ๊ค
53,27,39,30.4,78.3,ผักบุ้งจีน
58,42,49,26.8,71.8,กวางตุ้ง
59,40,47,27.3,71.9,แตงกวา
91,57,58,29.6,75.3,ข้าวโพดหวาน
55,34,50,20.3,62.8,หัวไชเท้า
72,52,65,26.3,67.3,มะเขือเทศ
48,32,62,26.8,72.5,ฟักทอง
43,30,50,22.4,64.0,กระเทียม
50,32,48,21.2,69.2,หัวไชเท้า
55,34,42,19.3,67.4,หัวไชเท้า
45,35,41,30.2,77.8,ผักบุ้งจีน
49,37,48,23.6,63.6,กรีนโอ๊ค
19,13,14,30.7,54.1,พริกขี้หนู
51,31,52,21.4,60.0,กระเทียม
47,36,50,30.0,65.2,ฟักทอง
80,44,53,25.9,76.0,คะน้า
49,31,51,21.4,57.3,กระเทียม
33,20,26,32.0,60.0,กะเพรา
94,50,61,26.6,74.2,ข้าวโพดหวาน
64,38,55,28.6,75.0,กวางตุ้ง
27,37,31,26.7,54.3,ถั่วฝักยาว
86,54,56,28.2,76.0,ข้าวโพดหวาน
28,38,32,29.6,52.5,ถั่วฝักยาว
77,43,62,26.4,77.7,คะน้า
54,34,45,19.0,64.3,หัวไชเท้า
51,34,50,28.7,68.1,แตงกวา
53,34,57,27.7,70.1,ฟักทอง
54,34,55,27.4,65.2,ฟักทอง
91,49,69,20.6,73.9,กะหล่ำปลี
83,49,63,24.2,67.8,มะเขือเทศ
50,37,48,28.6,70.4,แตงกวา
77,47,66,28.3,75.4,คะน้า
59,36,52,18.9,64.1,หัวไชเท้า
74,46,59,23.8,65.5,มะเขือเทศ
26,39,30,31.1,54.9,ถั่วฝักยาว
52,31,49,19.8,68.5,หัวไชเท้า
60,44,49,29.0,68.3,กวางตุ้ง
88,54,54,27.0,78.7,ข้าวโพดหวาน
64,40,53,27.3,73.4,กวางตุ้ง
45,34,53,28.5,64.4,ฟักทอง
52,26,39,29.9,73.2,ผักบุ้งจีน
89,60,61,25.8,67.6,ข้าวโพดหวาน
51,33,45,20.0,62.9,หัวไชเท้า
73,50,59,24.4,69.4,มะเขือเทศ
34,33,33,23.9,67.4,ผักชี
26,31,39,26.8,61.3,ถั่วฝักยาว
52,32,46,22.0,56.0,กระเทียม
22,33,33,28.5,62.0,ถั่วฝักยาว
51,34,46,25.3,68.2,กรีนโอ๊ค
54,39,49,28.9,75.1,แตงกวา
86,44,59,26.2,77.0,คะน้า
62,39,55,26.9,74.4,กวางตุ้ง
25,35,29,26.8,59.8,ถั่วฝักยาว
60,45,47,28.7,69.4,กวางตุ้ง
25,15,16,29.1,47.2,พริกขี้หนู
71,48,72,24.8,68.7,มะเขือเทศ
45,30,50,22.7,58.3,กระเทียม
40,29,47,21.8,59.5,กระเทียม
56,48,54,26.9,67.4,กวางตุ้ง
38,31,36,23.4,67.3,ผักชี
78,47,71,26.9,79.4,คะน้า
88,56,60,28.9,66.7,ข้าวโพดหวาน
53,34,58,28.9,71.6,ฟักทอง
80,47,67,21.8,78.0,กะหล่ำปลี
48,34,46,20.7,68.2,หัวไชเท้า
49,39,56,23.8,63.7,กรีนโอ๊ค
27,34,28,28.7,62.0,ถั่วฝักยาว
78,45,61,26.4,78.1,คะน้า
56,39,57,29.6,68.6,แตงกวา
40,35,30,25.4,62.9,ผักชี
42,32,31,22.3,63.3,ผักชี
49,26,48,21.0,63.4,กระเทียม
50,31,59,27.6,74.7,ฟักทอง
26,13,14,29.8,58.1,พริกขี้หนู
49,30,51,23.8,56.7,กระเทียม
53,35,34,31.7,75.7,ผักบุ้งจีน
48,29,35,29.6,80.8,ผักบุ้งจีน
32,26,34,31.5,62.5,กะเพรา
59,33,46,18.8,61.3,หัวไชเท้า
16,11,21,29.8,53.4,พริกขี้หนู
49,27,34,30.1,77.9,ผักบุ้งจีน
38,26,28,30.5,57.1,กะเพรา
40,36,37,23.2,62.7,ผักชี
21,32,31,31.4,61.5,ถั่วฝักยาว
29,36,34,27.2,52.7,ถั่วฝักยาว
51,33,40,30.7,77.3,ผักบุ้งจีน
18,24,23,29.5,51.2,พริกขี้หนู
73,51,64,25.4,68.8,มะเขือเทศ
76,50,70,25.9,68.0,มะเขือเทศ
84,50,66,21.1,70.3,กะหล่ำปลี
78,41,59,26.3,67.7,คะน้า
58,45,56,31.2,71.4,กวางตุ้ง
81,49,73,21.0,75.1,กะหล่ำปลี
23,15,15,28.2,45.3,พริกขี้หนู
16,23,20,28.0,55.0,พริกขี้หนู
86,54,65,27.2,71.5,ข้าวโพดหวาน
36,41,35,22.3,69.8,ผักชี
89,55,65,28.6,72.7,ข้าวโพดหวาน
43,30,29,23.1,65.3,ผักชี
32,32,35,22.4,65.1,ผักชี
36,23,32,30.4,58.2,กะเพรา
88,50,66,20.9,73.2,กะหล่ำปลี
87,56,63,29.5,69.4,ข้าวโพดหวาน
42,34,42,21.9,65.3,ผักชี
78,49,70,26.4,68.4,มะเขือเทศ
58,36,41,21.6,69.4,กรีนโอ๊ค
37,33,53,22.6,57.6,กระเทียม
72,47,59,27.5,75.0,คะน้า
51,33,47,29.0,62.4,กวางตุ้ง
41,26,27,31.6,58.8,กะเพรา
82,45,62,28.3,79.3,คะน้า
61,40,60,28.2,61.6,ฟักทอง
50,25,41,31.7,80.0,ผักบุ้งจีน
79,46,58,26.2,78.3,คะน้า
74,45,62,27.8,71.2,คะน้า
24,36,25,27.6,59.8,ถั่วฝักยาว
32,25,25,31.9,54.9,กะเพรา
56,34,49,28.5,64.3,ฟักทอง
52,34,46,31.1,66.8,แตงกวา
74,52,62,24.0,68.8,มะเขือเทศ
79,47,60,28.4,76.6,คะน้า
70,47,63,24.6,75.6,มะเขือเทศ
60,39,46,29.8,70.9,แตงกวา
79,55,68,27.6,64.8,มะเขือเทศ
52,35,41,29.6,79.6,ผักบุ้งจีน
45,34,53,22.8,54.4,กระเทียม
49,31,41,34.7,81.9,ผักบุ้งจีน
40,33,37,22.8,60.2,ผักชี
37,23,27,30.9,62.7,กะเพรา
43,25,46,21.8,61.2,กระเทียม
50,28,40,31.7,78.2,ผักบุ้งจีน
28,25,33,31.2,63.0,กะเพรา
92,57,66,29.5,73.5,ข้าวโพดหวาน
17,18,21,28.1,50.4,พริกขี้หนู
26,30,30,26.8,59.3,ถั่วฝักยาว
47,40,42,23.5,63.9,กรีนโอ๊ค
34,37,35,22.1,66.7,ผักชี
31,24,29,31.3,58.1,กะเพรา
56,46,49,28.6,73.9,กวางตุ้ง
78,44,60,25.8,74.4,คะน้า
46,21,24,32.4,50.7,กะเพรา
47,28,42,32.5,78.1,ผักบุ้งจีน
48,34,48,20.6,55.9,กระเทียม
73,50,67,26.7,72.2,มะเขือเทศ
49,33,64,27.6,64.0,ฟักทอง
30,34,28,29.1,51.8,ถั่วฝักยาว
62,36,48,29.3,75.0,กวางตุ้ง
73,48,64,24.3,69.7,มะเขือเทศ
50,32,57,29.8,64.6,ฟักทอง
53,38,43,23.6,66.7,กรีนโอ๊ค
14,14,26,30.4,48.1,พริกขี้หนู
23,31,34,30.4,61.4,ถั่วฝักยาว
48,30,39,24.2,67.9,ผักชี
53,26,34,31.6,79.0,ผักบุ้งจีน
34,39,33,23.4,70.6,ผักชี
85,52,63,30.4,76.8,ข้าวโพดหวาน
89,48,59,21.5,72.1,กะหล่ำปลี
81,53,68,20.0,70.3,กะหล่ำปลี
78,42,54,27.2,80.0,คะน้า
39,24,28,33.1,56.3,กะเพรา
57,31,38,31.7,81.9,ผักบุ้งจีน
19,34,29,29.8,59.1,ถั่วฝักยาว
83,44,58,27.6,81.1,คะน้า
28,28,33,29.3,58.9,ถั่วฝักยาว
80,52,63,24.7,67.5,มะเขือเทศ
42,31,52,20.8,59.0,กระเทียม
56,35,51,20.1,62.7,หัวไชเท้า
50,47,53,28.8,69.3,แตงกวา
50,38,56,19.7,65.4,หัวไชเท้า
50,34,45,22.0,65.8,หัวไชเท้า
48,30,40,31.1,75.3,ผักบุ้งจีน
65,44,47,26.3,75.5,กวางตุ้ง
52,43,50,28.4,74.8,แตงกวา
41,25,34,31.7,57.7,กะเพรา
85,54,54,31.4,66.2,ข้าวโพดหวาน
48,41,47,28.4,68.6,แตงกวา
51,31,37,31.3,79.0,ผักบุ้งจีน
50,34,68,27.9,63.5,ฟักทอง
22,15,21,30.7,48.9,พริกขี้หนู
93,50,73,20.8,72.1,กะหล่ำปลี
33,33,41,25.7,68.3,ผักชี
46,29,27,29.8,77.1,ผักบุ้งจีน
53,37,46,27.4,74.9,กวางตุ้ง
36,26,24,31.0,53.3,กะเพรา
78,48,65,24.4,65.1,มะเขือเทศ
59,38,49,30.1,64.3,กวางตุ้ง
17,20,19,28.9,44.2,พริกขี้หนู
52,29,55,18.4,66.9,หัวไชเท้า
35,40,31,24.3,67.8,ผักชี
60,29,44,23.5,62.8,กรีนโอ๊ค
54,35,46,20.6,60.4,หัวไชเท้า
45,32,39,22.7,65.9,กรีนโอ๊ค
26,41,31,28.3,55.0,ถั่วฝักยาว
36,33,36,24.4,61.9,ผักชี
83,55,56,26.2,67.6,ข้าวโพดหวาน
16,18,23,30.2,52.0,พริกขี้หนู
26,36,32,29.1,58.0,ถั่วฝักยาว
51,31,40,30.5,78.7,ผักบุ้งจีน
52,37,48,22.6,67.2,กรีนโอ๊ค
56,40,56,28.9,71.1,กวางตุ้ง
71,51,61,26.6,62.1,มะเขือเทศ
51,34,42,20.5,60.5,หัวไชเท้า
54,33,49,19.1,60.3,กระเทียม
53,37,54,19.4,63.6,หัวไชเท้า
52,36,49,30.3,72.0,แตงกวา
59,24,42,29.1,76.3,ผักบุ้งจีน
45,32,36,24.5,69.2,ผักชี
35,25,33,32.7,59.7,กะเพรา
22,15,22,28.9,51.9,พริกขี้หนู
46,32,46,21.6,67.1,กระเทียม
82,36,57,26.4,80.2,คะน้า
39,35,59,28.2,62.4,ฟักทอง
24,33,30,30.0,57.4,ถั่วฝักยาว
21,16,19,28.9,51.1,พริกขี้หนู
50,29,42,32.1,75.2,ผักบุ้งจีน
50,30,46,21.5,57.8,กระเทียม
48,37,53,20.5,64.4,หัวไชเท้า
80,48,54,27.2,81.3,คะน้า
52,35,52,30.5,68.1,แตงกวา
38,34,23,26.0,61.8,ผักชี
89,51,63,28.9,69.6,ข้าวโพดหวาน
87,47,64,22.3,66.7,กะหล่ำปลี
39,24,21,29.8,57.1,กะเพรา
77,51,60,25.8,69.5,มะเขือเทศ
39,32,26,32.1,55.5,กะเพรา
82,51,69,24.6,68.1,มะเขือเทศ
89,48,59,29.0,71.9,ข้าวโพดหวาน
44,26,38,30.3,77.3,ผักบุ้งจีน
27,24,24,32.6,60.7,กะเพรา
50,31,46,29.5,85.5,ผักบุ้งจีน
54,38,51,19.5,65.3,หัวไชเท้า
36,22,29,32.1,59.8,กะเพรา
37,23,26,30.7,60.4,กะเพรา
30,23,26,30.8,57.3,กะเพรา
14,8,19,28.3,47.0,พริกขี้หนู
15,16,22,28.8,54.7,พริกขี้หนู
77,43,67,26.0,76.1,คะน้า
18,11,12,27.8,52.4,พริกขี้หนู
56,39,46,22.7,64.3,กรีนโอ๊ค
50,37,50,27.5,69.4,แตงกวา
51,32,43,30.3,77.4,ผักบุ้งจีน
45,36,63,27.5,60.6,ฟักทอง
32,34,29,27.3,58.1,ถั่วฝักยาว
31,22,28,28.8,59.2,กะเพรา
43,33,39,22.0,59.8,ผักชี
61,37,50,19.1,68.5,หัวไชเท้า
33,24,29,32.2,62.8,กะเพรา
75,43,60,28.5,80.1,คะน้า
58,32,46,21.0,59.3,หัวไชเท้า
52,33,62,29.4,65.8,ฟักทอง
74,54,64,25.0,68.1,มะเขือเทศ
47,35,60,27.4,66.5,ฟักทอง
52,35,61,26.2,65.5,ฟักทอง
43,30,31,21.8,64.0,ผักชี
42,31,54,22.6,58.1,กระเทียม
84,59,64,30.3,66.4,ข้าวโพดหวาน
88,54,53,27.8,74.4,ข้าวโพดหวาน
42,29,48,20.7,66.7,กระเทียม
15,17,19,28.4,52.1,พริกขี้หนู
87,50,74,22.3,67.2,กะหล่ำปลี
46,34,52,22.6,58.3,กระเทียม
59,37,48,30.2,67.6,กวางตุ้ง
49,33,58,28.4,58.6,ฟักทอง
53,32,43,24.6,70.5,กรีนโอ๊ค
76,47,68,26.4,64.5,มะเขือเทศ
84,49,66,22.9,68.4,กะหล่ำปลี
54,35,51,24.1,63.2,กรีนโอ๊ค
48,32,61,29.4,69.7,ฟักทอง
38,42,34,22.3,64.5,ผักชี
56,41,49,30.3,75.4,แตงกวา
39,29,54,22.1,63.3,กระเทียม
55,35,48,29.5,72.3,แตงกวา
27,27,26,31.5,57.1,กะเพรา
81,44,57,25.7,80.9,คะน้า
83,47,70,21.3,69.9,กะหล่ำปลี
58,29,57,26.1,60.8,ฟักทอง
49,34,37,24.1,62.5,ผักชี
77,49,62,26.3,63.6,มะเขือเทศ
48,41,51,30.4,72.6,แตงกวา
22,34,20,30.6,54.3,ถั่วฝักยาว
23,10,20,29.5,51.7,พริกขี้หนู
36,22,29,29.7,60.2,กะเพรา
49,30,39,32.2,85.7,ผักบุ้งจีน
56,33,39,32.8,78.5,ผักบุ้งจีน
39,33,33,23.6,61.6,ผักชี
50,32,38,31.4,77.5,ผักบุ้งจีน
22,19,19,30.6,51.3,พริกขี้หนู
23,14,18,29.5,54.9,พริกขี้หนู
52,38,49,27.4,73.1,แตงกวา
87,50,56,27.1,73.8,ข้าวโพดหวาน
18,32,29,29.8,59.6,ถั่วฝักยาว
57,41,47,27.2,83.5,แตงกวา
23,35,30,27.4,56.6,ถั่วฝักยาว
28,24,29,33.8,60.4,กะเพรา
20,18,15,27.8,45.2,พริกขี้หนู
53,31,36,31.1,80.6,ผักบุ้งจีน
58,43,49,26.9,70.4,แตงกวา
37,24,25,31.7,52.6,กะเพรา
57,36,49,28.1,80.5,กวางตุ้ง
20,19,11,28.7,47.3,พริกขี้หนู
48,28,42,23.2,56.7,กระเทียม
44,33,63,25.9,68.2,ฟักทอง
84,43,63,29.0,76.6,คะน้า
44,36,58,28.7,62.7,ฟักทอง
35,40,27,23.3,66.3,ผักชี
50,38,45,29.5,66.9,แตงกวา
81,44,61,29.2,76.8,คะน้า
52,40,49,29.3,72.7,กวางตุ้ง
52,36,44,23.6,60.9,กรีนโอ๊ค
58,36,44,32.2,80.1,ผักบุ้งจีน
37,28,43,24.2,66.4,ผักชี
19,12,22,27.1,53.2,พริกขี้หนู
76,51,67,24.5,69.1,มะเขือเทศ
44,34,53,22.2,63.2,กระเทียม
82,45,52,27.8,80.8,คะน้า
73,45,68,24.1,65.3,มะเขือเทศ
80,47,73,21.4,67.8,กะหล่ำปลี
12,8,19,29.3,48.1,พริกขี้หนู
31,22,20,33.5,55.0,กะเพรา
80,43,70,22.5,71.6,กะหล่ำปลี
82,50,70,21.6,73.8,กะหล่ำปลี
52,32,59,27.2,65.7,ฟักทอง
18,14,21,26.7,46.5,พริกขี้หนู
22,34,33,29.9,56.2,ถั่วฝักยาว
58,38,42,29.6,68.0,แตงกวา
81,51,69,21.3,76.2,กะหล่ำปลี
53,26,42,32.7,69.3,ผักบุ้งจีน
90,49,67,19.6,74.5,กะหล่ำปลี
38,28,27,32.3,62.9,กะเพรา
49,28,37,32.0,79.2,ผักบุ้งจีน
46,28,31,30.4,75.3,ผักบุ้งจีน
54,33,63,27.3,61.3,ฟักทอง
59,34,47,28.6,72.6,กวางตุ้ง
55,36,65,29.0,65.6,ฟักทอง
78,47,61,25.6,78.6,คะน้า
51,31,47,22.4,63.6,หัวไชเท้า
35,23,31,31.6,61.3,กะเพรา
26,28,25,28.7,58.5,ถั่วฝักยาว
32,26,33,30.4,56.4,กะเพรา
55,38,63,27.6,63.9,ฟักทอง
51,31,43,22.3,65.2,กรีนโอ๊ค
49,37,45,28.4,71.4,แตงกวา
50,28,53,22.2,55.5,กระเทียม
73,53,62,23.8,66.4,มะเขือเทศ
58,33,48,20.7,68.3,หัวไชเท้า
45,37,38,22.8,64.7,ผักชี
46,31,47,32.6,83.6,ผักบุ้งจีน
48,38,55,29.3,63.3,ฟักทอง
88,57,60,27.2,72.9,ข้าวโพดหวาน
82,51,69,28.9,72.7,ข้าวโพดหวาน
39,37,29,22.2,66.6,ผักชี
50,39,56,28.6,65.3,ฟักทอง
39,31,51,23.4,64.9,กระเทียม
54,41,53,28.0,70.4,กวางตุ้ง
26,33,27,26.8,55.0,ถั่วฝักยาว
55,34,55,28.3,65.7,ฟักทอง
87,53,62,27.3,74.3,ข้าวโพดหวาน
26,12,24,29.2,52.9,พริกขี้หนู
22,8,21,28.7,49.1,พริกขี้หนู
60,35,53,27.7,78.6,กวางตุ้ง
27,31,26,27.3,57.5,ถั่วฝักยาว
50,43,45,26.8,78.5,แตงกวา
26,22,20,28.4,47.9,พริกขี้หนู
49,26,46,21.6,62.4,กระเทียม
27,37,22,28.0,61.3,ถั่วฝักยาว
35,38,37,24.6,67.5,ผักชี
81,56,61,27.8,76.5,ข้าวโพดหวาน
72,47,66,26.3,67.5,มะเขือเทศ
39,25,30,31.2,60.4,กะเพรา
53,34,49,17.7,71.0,หัวไชเท้า
69,50,68,22.5,67.3,มะเขือเทศ
47,35,39,29.7,80.9,ผักบุ้งจีน
45,34,32,23.4,67.5,ผักชี
57,41,50,27.7,73.7,กวางตุ้ง
58,37,51,27.5,75.2,แตงกวา
87,53,57,27.2,72.6,ข้าวโพดหวาน
51,39,51,29.2,69.4,แตงกวา
48,36,53,21.0,64.1,หัวไชเท้า
33,26,25,32.7,54.3,กะเพรา
49,34,41,23.2,68.8,กรีนโอ๊ค
54,37,47,28.3,69.9,แตงกวา
53,40,42,21.7,70.4,กรีนโอ๊ค
37,28,26,31.2,59.0,กะเพรา
52,33,41,20.5,62.2,กรีนโอ๊ค
47,33,63,26.7,65.9,ฟักทอง
59,44,53,30.6,79.0,แตงกวา
50,27,43,30.2,76.4,ผักบุ้งจีน
57,43,38,28.6,76.6,แตงกวา
21,42,29,30.1,52.5,ถั่วฝักยาว
58,36,64,30.2,62.1,ฟักทอง
22,37,34,27.0,60.5,ถั่วฝักยาว
91,47,68,21.8,75.1,กะหล่ำปลี
42,34,54,18.0,64.0,กระเทียม
39,35,34,25.4,61.9,ผักชี
25,33,32,27.4,55.3,ถั่วฝักยาว
46,27,44,21.5,56.8,กระเทียม
49,30,43,31.6,78.5,ผักบุ้งจีน
54,34,46,23.4,57.0,กรีนโอ๊ค
39,23,25,31.8,51.7,กะเพรา
58,37,46,29.1,76.3,กวางตุ้ง
21,20,19,26.1,54.3,พริกขี้หนู
76,53,62,24.8,68.3,มะเขือเทศ
61,40,52,27.1,75.6,กวางตุ้ง
85,47,68,18.6,72.8,กะหล่ำปลี
37,33,38,23.3,62.0,ผักชี
44,24,42,29.7,70.5,ผักบุ้งจีน
52,29,41,29.9,76.5,ผักบุ้งจีน
25,12,20,28.2,50.9,พริกขี้หนู
76,49,58,25.6,63.0,มะเขือเทศ
48,37,55,27.5,67.1,ฟักทอง
58,38,46,18.6,66.8,หัวไชเท้า
88,57,63,27.0,75.5,ข้าวโพดหวาน
47,35,57,28.1,63.7,ฟักทอง
80,42,51,28.4,81.4,คะน้า
90,52,48,29.6,74.5,ข้าวโพดหวาน
19,15,16,29.2,50.5,พริกขี้หนู
20,39,29,27.0,54.0,ถั่วฝักยาว
85,52,70,19.5,76.0,กะหล่ำปลี
60,37,44,28.3,75.2,กวางตุ้ง
68,49,70,26.2,69.3,มะเขือเทศ
73,45,65,26.5,68.5,มะเขือเทศ
38,33,34,24.3,64.5,ผักชี
27,25,37,34.7,58.3,กะเพรา
79,42,63,27.9,74.8,คะน้า
49,28,41,22.7,59.6,กระเทียม
51,33,55,21.6,58.2,กระเทียม
91,52,58,28.1,72.2,ข้าวโพดหวาน
17,18,17,29.9,46.9,พริกขี้หนู
56,38,53,28.8,72.7,กวางตุ้ง
51,37,42,23.1,68.2,กรีนโอ๊ค
76,49,64,25.3,69.9,มะเขือเทศ
45,41,57,26.6,65.5,ฟักทอง
47,29,44,22.6,56.5,กระเทียม
25,17,15,29.7,57.1,พริกขี้หนู
40,35,51,22.6,54.2,กระเทียม
86,54,56,27.4,71.4,ข้าวโพดหวาน
59,44,50,28.8,67.6,กวางตุ้ง
90,52,58,27.6,70.5,ข้าวโพดหวาน
29,34,28,26.7,59.9,ถั่วฝักยาว
58,35,60,28.3,71.6,แตงกวา
30,39,37,22.2,59.8,ผักชี
93,52,63,26.8,70.7,ข้าวโพดหวาน
50,32,53,19.9,65.3,กระเทียม
24,31,26,27.5,58.2,ถั่วฝักยาว
51,29,39,29.9,76.0,ผักบุ้งจีน
27,35,25,26.8,58.4,ถั่วฝักยาว
37,31,27,32.6,57.6,กะเพรา
51,35,49,22.3,68.3,กรีนโอ๊ค
17,34,28,28.0,58.8,ถั่วฝักยาว
21,30,25,29.5,56.9,ถั่วฝักยาว
54,39,48,28.3,70.8,แตงกวา
20,32,29,27.6,54.9,ถั่วฝักยาว
56,30,67,27.6,63.7,ฟักทอง
47,33,48,21.8,65.2,กรีนโอ๊ค
36,24,23,31.5,62.2,กะเพรา
51,38,41,23.5,68.0,กรีนโอ๊ค
87,47,62,30.7,74.1,ข้าวโพดหวาน
83,55,75,20.8,68.1,กะหล่ำปลี
56,31,46,19.6,68.7,หัวไชเท้า
40,31,39,24.3,65.7,ผักชี
83,46,63,20.5,72.7,กะหล่ำปลี
75,49,59,27.3,82.3,คะน้า
36,26,19,33.1,55.4,กะเพรา
24,35,28,28.3,52.5,ถั่วฝักยาว
82,42,66,24.7,82.6,คะน้า
49,41,57,28.2,68.2,ฟักทอง
61,35,45,27.1,72.5,กวางตุ้ง
23,22,14,28.9,47.9,พริกขี้หนู
49,34,54,29.6,64.4,ฟักทอง
17,13,20,28.4,54.3,พริกขี้หนู
50,44,44,30.6,76.1,แตงกวา
40,29,52,22.0,59.7,กระเทียม
79,44,64,25.7,75.3,คะน้า
52,35,52,21.5,63.4,หัวไชเท้า
28,32,29,30.1,59.7,ถั่วฝักยาว
59,37,49,26.6,70.3,กวางตุ้ง
39,44,33,24.6,62.7,ผักชี
33,22,34,32.5,56.3,กะเพรา
52,34,52,22.1,57.7,กระเทียม
52,35,50,19.7,66.7,หัวไชเท้า
74,46,61,25.3,69.2,มะเขือเทศ
82,48,63,21.5,74.7,กะหล่ำปลี
58,35,57,19.7,64.6,หัวไชเท้า
77,46,61,27.2,74.5,คะน้า
51,33,45,24.2,58.0,กรีนโอ๊ค
37,18,38,31.2,50.9,กะเพรา
82,41,63,27.2,79.7,คะน้า
81,44,56,28.0,78.8,คะน้า
53,36,60,28.0,66.2,ฟักทอง
54,38,47,28.7,70.5,แตงกวา
51,40,49,23.6,61.4,กรีนโอ๊ค
73,46,55,23.8,67.6,มะเขือเทศ
75,45,60,27.9,76.5,คะน้า
48,30,41,23.7,61.7,กรีนโอ๊ค
81,51,70,25.1,70.7,มะเขือเทศ
51,36,44,23.5,70.9,กรีนโอ๊ค
22,36,32,29.9,61.4,ถั่วฝักยาว
90,59,59,27.3,73.1,ข้าวโพดหวาน
36,36,34,24.8,64.8,ผักชี
50,35,42,21.6,67.2,กรีนโอ๊ค
59,38,49,28.1,74.8,กวางตุ้ง
71,47,62,25.2,64.3,มะเขือเทศ
90,45,65,20.5,73.8,กะหล่ำปลี
48,34,49,21.4,60.3,กระเทียม
60,33,53,28.8,73.8,กวางตุ้ง
56,37,45,19.4,66.4,หัวไชเท้า
84,53,64,28.1,65.4,ข้าวโพดหวาน
48,42,61,27.4,59.2,ฟักทอง
55,36,50,29.2,72.5,แตงกวา
54,35,47,22.8,61.1,กรีนโอ๊ค
53,31,44,32.4,82.8,ผักบุ้งจีน
52,32,53,18.0,66.7,หัวไชเท้า
73,48,60,25.4,64.4,มะเขือเทศ
65,53,69,24.6,70.5,มะเขือเทศ
68,54,70,22.0,66.4,มะเขือเทศ
84,43,58,28.4,71.5,คะน้า
31,23,29,33.4,50.7,กะเพรา
58,27,37,31.1,76.2,ผักบุ้งจีน
85,37,65,27.4,73.8,คะน้า
28,28,23,29.7,52.7,ถั่วฝักยาว
48,31,59,29.5,68.5,ฟักทอง
48,30,41,31.8,85.0,ผักบุ้งจีน
50,33,58,26.9,65.0,ฟักทอง
58,40,55,27.3,76.0,กวางตุ้ง
64,39,41,29.5,70.1,กวางตุ้ง
19,34,26,29.4,60.9,ถั่วฝักยาว
53,34,63,26.8,64.4,ฟักทอง
37,33,31,23.4,67.6,ผักชี
54,37,45,28.7,72.2,กวางตุ้ง
81,43,61,26.9,79.6,คะน้า
46,36,42,23.2,66.4,กรีนโอ๊ค
43,39,31,24.6,67.2,ผักชี
39,35,25,32.0,55.5,กะเพรา
30,35,26,28.4,55.2,ถั่วฝักยาว
38,36,60,26.4,68.1,ฟักทอง
54,36,43,23.6,63.7,กรีนโอ๊ค
36,27,34,31.4,56.7,กะเพรา
32,35,25,28.9,56.7,ถั่วฝักยาว
57,27,46,20.7,63.9,หัวไชเท้า
49,31,40,25.5,66.1,กรีนโอ๊ค
26,34,31,30.5,60.5,ถั่วฝักยาว
18,18,18,28.5,56.0,พริกขี้หนู
24,42,27,28.1,56.6,ถั่วฝักยาว
47,36,64,29.9,68.7,ฟักทอง
73,42,71,26.3,69.6,มะเขือเทศ
21,15,18,29.2,48.5,พริกขี้หนู
98,55,63,28.1,68.4,ข้าวโพดหวาน
42,29,50,24.3,65.5,กระเทียม
14,11,13,29.4,52.6,พริกขี้หนู
28,37,26,30.9,58.8,ถั่วฝักยาว
27,24,23,30.7,54.8,กะเพรา
55,33,53,18.5,66.5,หัวไชเท้า
82,56,66,20.5,68.3,กะหล่ำปลี
60,31,45,27.9,69.1,แตงกวา
49,27,38,31.5,76.0,ผักบุ้งจีน
15,14,20,30.2,50.4,พริกขี้หนู
45,31,35,30.3,84.7,ผักบุ้งจีน
49,37,51,20.1,66.6,หัวไชเท้า
20,14,24,29.4,56.7,พริกขี้หนู
55,40,45,22.0,63.1,กรีนโอ๊ค
44,28,42,22.8,65.8,กระเทียม
51,29,31,30.9,73.4,ผักบุ้งจีน
89,51,70,20.7,71.7,กะหล่ำปลี
60,44,50,29.8,76.8,แตงกวา
46,33,46,21.7,64.4,กรีนโอ๊ค
89,50,64,20.1,72.1,กะหล่ำปลี
19,39,32,29.4,60.1,ถั่วฝักยาว
49,42,51,29.5,70.7,แตงกวา
35,25,28,29.2,59.6,กะเพรา
58,34,53,20.3,61.9,หัวไชเท้า
93,57,64,27.5,67.3,ข้าวโพดหวาน
38,36,33,24.7,58.3,ผักชี
62,42,52,27.7,73.5,กวางตุ้ง
22,18,20,28.0,57.6,พริกขี้หนู
53,38,43,23.4,60.4,กรีนโอ๊ค
53,40,45,23.1,68.0,กรีนโอ๊ค
62,38,47,29.9,74.5,แตงกวา
37,27,33,32.8,55.8,กะเพรา
73,47,67,26.8,70.5,มะเขือเทศ
47,36,35,24.0,56.7,ผักชี
88,50,71,21.5,74.2,กะหล่ำปลี
38,22,28,31.9,51.2,กะเพรา
87,51,80,22.0,70.4,กะหล่ำปลี
39,29,30,24.8,67.1,ผักชี
53,30,41,32.8,79.8,ผักบุ้งจีน
35,22,33,32.3,54.4,กะเพรา
81,42,57,26.4,81.0,คะน้า
82,49,70,21.5,74.6,กะหล่ำปลี
58,33,61,30.8,63.0,ฟักทอง
48,36,59,25.7,61.6,ฟักทอง
81,50,60,27.3,80.4,คะน้า
82,47,76,19.8,64.8,กะหล่ำปลี
29,10,23,31.0,50.9,พริกขี้หนู
73,53,66,24.9,68.9,มะเขือเทศ
57,39,46,25.4,71.3,กวางตุ้ง
49,36,57,26.2,66.0,ฟักทอง
24,10,27,26.0,49.3,พริกขี้หนู
44,25,58,23.5,60.7,กระเทียม
78,48,53,23.4,80.0,คะน้า
62,42,48,27.8,68.2,กวางตุ้ง
43,35,44,21.2,64.8,กรีนโอ๊ค
23,16,16,29.7,49.5,พริกขี้หนู
58,40,45,29.0,71.3,กวางตุ้ง
58,37,44,28.0,72.6,กวางตุ้ง
83,52,75,21.0,75.9,กะหล่ำปลี
74,49,69,25.0,66.5,มะเขือเทศ
61,39,51,28.0,70.8,แตงกวา
49,29,42,31.1,80.6,ผักบุ้งจีน
26,31,20,28.1,57.7,ถั่วฝักยาว
48,35,50,22.9,61.9,กรีนโอ๊ค
40,29,36,22.7,71.0,ผักชี
53,31,33,32.8,82.8,ผักบุ้งจีน
19,28,33,29.5,61.0,ถั่วฝักยาว
74,53,65,26.0,68.0,มะเขือเทศ
75,49,68,23.8,65.3,มะเขือเทศ
67,44,48,28.3,71.7,กวางตุ้ง
33,22,28,31.4,62.7,กะเพรา
91,64,62,31.3,74.0,ข้าวโพดหวาน
87,55,66,26.8,65.2,ข้าวโพดหวาน
42,36,35,24.5,70.6,ผักชี
41,33,50,23.2,56.3,กระเทียม
23,34,26,28.1,56.7,ถั่วฝักยาว
55,37,52,27.4,73.6,กวางตุ้ง
54,36,46,20.0,64.6,หัวไชเท้า
82,48,66,20.6,72.0,กะหล่ำปลี
85,48,71,21.9,70.2,กะหล่ำปลี
82,47,69,24.9,67.5,มะเขือเทศ
91,56,66,27.1,69.0,ข้าวโพดหวาน
72,47,52,26.6,79.5,คะน้า
45,30,44,20.3,57.2,กระเทียม
52,31,47,18.1,67.4,หัวไชเท้า
51,29,42,32.8,77.2,ผักบุ้งจีน
30,36,32,29.4,57.5,ถั่วฝักยาว
45,28,52,24.0,59.0,กระเทียม
83,59,60,27.5,70.7,ข้าวโพดหวาน
48,35,58,27.5,68.8,ฟักทอง
11,15,16,28.0,50.3,พริกขี้หนู
56,35,37,31.7,83.7,ผักบุ้งจีน
87,57,57,26.9,78.2,ข้าวโพดหวาน
60,40,44,30.7,68.7,แตงกวา
23,17,16,30.9,48.6,พริกขี้หนู
50,38,55,27.6,66.4,ฟักทอง
83,52,65,28.3,72.7,ข้าวโพดหวาน
47,35,51,24.8,58.2,กรีนโอ๊ค
22,15,14,28.5,55.1,พริกขี้หนู
72,55,73,27.2,67.3,มะเขือเทศ
81,54,69,22.9,71.5,กะหล่ำปลี
30,39,23,28.9,55.3,ถั่วฝักยาว
88,46,70,21.7,70.8,กะหล่ำปลี
41,37,38,23.1,66.2,กรีนโอ๊ค
25,12,19,28.3,48.5,พริกขี้หนู
53,37,62,28.2,64.4,ฟักทอง
51,27,48,31.2,76.7,ผักบุ้งจีน
34,37,37,24.5,61.5,ผักชี
44,33,50,22.0,60.7,กระเทียม
51,37,54,29.0,63.0,ฟักทอง
29,33,20,28.3,57.5,ถั่วฝักยาว
13,11,23,30.0,53.3,พริกขี้หนู
91,58,58,26.9,72.6,ข้าวโพดหวาน
85,51,67,22.4,73.6,กะหล่ำปลี
97,58,56,30.9,71.9,ข้าวโพดหวาน
47,32,48,22.6,56.7,กระเทียม
50,39,53,28.9,68.7,แตงกวา
76,48,64,24.8,69.8,มะเขือเทศ
55,36,45,30.9,75.7,แตงกวา
43,27,39,30.9,80.2,ผักบุ้งจีน
60,39,51,31.0,64.6,แตงกวา
37,33,35,22.5,64.5,ผักชี
12,15,14,29.5,53.4,พริกขี้หนู
76,49,65,24.3,65.4,มะเขือเทศ
91,59,60,28.3,76.1,ข้าวโพดหวาน
43,33,30,24.3,62.1,ผักชี
74,47,71,24.4,64.1,มะเขือเทศ
22,16,20,29.6,49.2,พริกขี้หนู
51,29,46,22.0,66.1,กระเทียม
43,33,46,20.7,61.9,กระเทียม
78,52,59,24.4,70.9,มะเขือเทศ
58,42,53,29.6,79.1,แตงกวา
45,37,46,23.7,70.9,กรีนโอ๊ค
78,44,58,25.0,69.0,มะเขือเทศ
69,47,69,25.6,65.8,มะเขือเทศ
47,34,65,27.6,65.4,ฟักทอง
30,28,34,32.5,57.9,กะเพรา
21,15,16,29.9,57.9,พริกขี้หนู
35,25,34,33.4,51.2,กะเพรา
52,38,58,20.2,68.3,หัวไชเท้า
87,51,71,24.7,71.7,กะหล่ำปลี
32,23,38,28.2,57.4,กะเพรา
84,43,60,27.1,76.2,คะน้า
48,37,51,28.3,69.6,แตงกวา
75,47,65,27.8,79.0,คะน้า
92,53,57,29.4,70.1,ข้าวโพดหวาน
36,25,25,30.1,59.1,กะเพรา
46,30,34,22.1,64.2,ผักชี
17,16,21,30.5,51.5,พริกขี้หนู
52,33,51,29.3,72.1,แตงกวา
91,54,57,27.2,73.0,ข้าวโพดหวาน
47,25,39,34.1,75.2,ผักบุ้งจีน
45,30,56,21.3,59.2,กระเทียม
54,37,47,29.5,67.2,แตงกวา
38,38,23,24.0,64.6,ผักชี
48,34,44,22.6,65.8,กรีนโอ๊ค
36,37,35,25.4,66.4,ผักชี
50,30,41,32.4,81.3,ผักบุ้งจีน
86,44,66,27.8,77.5,คะน้า
92,58,58,26.9,74.9,ข้าวโพดหวาน
74,44,66,24.9,73.6,มะเขือเทศ
81,46,70,23.3,70.6,กะหล่ำปลี
92,49,68,22.2,70.8,กะหล่ำปลี
53,32,47,19.7,71.1,หัวไชเท้า
27,35,24,28.1,55.9,ถั่วฝักยาว
96,53,56,28.9,77.2,ข้าวโพดหวาน
80,53,53,28.3,77.4,คะน้า
51,41,53,27.8,72.4,กวางตุ้ง
54,37,48,24.3,66.0,กรีนโอ๊ค
24,20,21,28.8,55.6,พริกขี้หนู
83,54,73,22.9,74.9,กะหล่ำปลี
49,32,38,31.3,79.1,ผักบุ้งจีน
20,15,17,28.9,55.9,พริกขี้หนู
51,34,42,22.7,72.1,กรีนโอ๊ค
28,36,30,21.6,55.1,ผักชี
81,44,59,26.4,72.7,คะน้า
22,12,24,28.6,47.7,พริกขี้หนู
42,40,32,22.1,67.9,ผักชี
55,35,43,23.3,68.9,กรีนโอ๊ค
40,36,31,22.3,65.4,ผักชี
49,30,32,32.1,79.2,ผักบุ้งจีน
54,35,59,29.1,68.5,ฟักทอง
62,41,49,29.8,70.8,กวางตุ้ง
47,40,39,25.3,68.5,กรีนโอ๊ค
77,47,63,25.7,75.2,มะเขือเทศ
51,37,39,32.0,78.3,ผักบุ้งจีน
48,32,60,19.4,62.6,กระเทียม
55,41,48,28.4,81.3,กวางตุ้ง
75,49,58,28.7,77.7,คะน้า
83,53,68,23.4,73.9,กะหล่ำปลี
48,29,56,27.5,69.8,ฟักทอง
24,32,27,31.2,61.3,ถั่วฝักยาว
36,24,31,32.0,60.9,กะเพรา
47,35,61,28.8,68.9,ฟักทอง
58,38,42,22.3,68.3,กรีนโอ๊ค
63,39,51,27.9,71.3,กวางตุ้ง
32,28,29,31.3,59.5,กะเพรา
51,38,44,22.5,65.5,กรีนโอ๊ค
79,46,64,22.9,66.6,มะเขือเทศ
43,33,42,21.6,67.6,กรีนโอ๊ค
77,55,67,21.0,72.9,กะหล่ำปลี
48,31,47,22.8,60.0,กรีนโอ๊ค
46,34,34,23.4,68.8,ผักชี
51,29,61,30.1,54.5,ฟักทอง
53,38,49,30.0,73.2,แตงกวา
29,25,33,32.0,57.8,กะเพรา
78,48,58,26.8,75.2,มะเขือเทศ
58,42,53,27.0,72.2,กวางตุ้ง
45,30,32,29.4,78.7,ผักบุ้งจีน
50,35,54,26.2,65.2,ฟักทอง
30,38,33,29.2,56.7,ถั่วฝักยาว
22,37,32,27.2,60.4,ถั่วฝักยาว
19,37,32,26.1,62.6,ถั่วฝักยาว
51,35,64,29.7,60.6,ฟักทอง
36,22,34,32.7,60.5,กะเพรา
81,48,55,24.0,73.9,กะหล่ำปลี
62,40,48,28.4,71.7,กวางตุ้ง
45,35,46,23.7,64.6,กรีนโอ๊ค
41,31,46,23.2,63.5,กระเทียม
73,42,59,26.9,84.9,คะน้า
77,45,66,27.2,81.5,คะน้า
59,39,52,18.4,69.4,หัวไชเท้า
35,37,35,23.8,63.5,ผักชี
54,39,50,28.7,72.4,แตงกวา
72,47,69,26.5,71.3,มะเขือเทศ
68,44,62,25.6,65.7,มะเขือเทศ
51,34,44,22.6,66.6,กรีนโอ๊ค
45,33,43,31.7,80.2,ผักบุ้งจีน
50,34,57,27.3,61.2,ฟักทอง
49,35,60,28.3,64.7,ฟักทอง
50,37,59,26.7,64.6,ฟักทอง
54,38,48,29.0,72.4,แตงกวา
74,46,65,29.7,76.6,คะน้า
25,30,36,28.5,59.0,ถั่วฝักยาว
78,47,63,24.2,73.4,มะเขือเทศ
78,48,54,27.7,75.4,คะน้า
48,35,45,22.6,65.9,กรีนโอ๊ค
81,47,55,27.6,77.1,คะน้า
84,55,54,28.2,76.8,ข้าวโพดหวาน
75,46,63,26.7,69.1,มะเขือเทศ
53,40,42,28.9,72.8,แตงกวา
51,33,48,23.3,66.5,กรีนโอ๊ค
22,33,23,30.3,53.2,ถั่วฝักยาว
82,45,52,26.6,70.2,คะน้า
45,33,33,22.8,64.3,ผักชี
66,46,52,29.1,65.7,กวางตุ้ง
77,48,58,24.8,70.2,มะเขือเทศ
59,37,53,17.7,62.7,หัวไชเท้า
52,28,48,30.3,80.6,ผักบุ้งจีน
87,51,73,21.1,70.3,กะหล่ำปลี
47,35,41,29.6,80.3,ผักบุ้งจีน
26,30,35,28.6,57.3,ถั่วฝักยาว
52,37,47,28.3,74.9,แตงกวา
43,29,46,23.9,64.5,กระเทียม
74,42,58,26.1,84.1,คะน้า
57,42,45,28.8,76.3,กวางตุ้ง
30,33,27,27.6,60.3,ถั่วฝักยาว
59,40,50,29.4,70.5,กวางตุ้ง
37,33,48,23.9,60.7,กระเทียม
29,34,33,28.3,58.1,ถั่วฝักยาว
21,35,27,28.2,61.6,ถั่วฝักยาว
56,36,52,18.2,65.0,หัวไชเท้า
58,37,53,19.0,61.2,หัวไชเท้า
84,52,68,21.7,69.2,กะหล่ำปลี
85,52,67,23.5,74.6,กะหล่ำปลี
55,32,52,19.6,62.1,หัวไชเท้า
57,42,54,31.2,65.8,แตงกวา
40,35,40,24.4,63.3,ผักชี
27,33,30,30.0,65.2,ถั่วฝักยาว
23,13,22,28.7,51.3,พริกขี้หนู
49,36,46,29.7,70.7,แตงกวา
43,34,49,20.4,54.7,กระเทียม
77,46,48,26.0,74.1,คะน้า
19,13,19,29.9,56.5,พริกขี้หนู
75,55,71,22.3,73.1,กะหล่ำปลี
47,34,53,23.6,63.4,กระเทียม
16,11,23,29.5,52.6,พริกขี้หนู
40,35,38,25.1,61.3,ผักชี
46,35,61,27.2,57.2,ฟักทอง
67,39,46,27.7,68.2,กวางตุ้ง
60,28,38,32.3,80.4,ผักบุ้งจีน
12,14,23,30.3,53.5,พริกขี้หนู
57,39,50,27.3,74.6,กวางตุ้ง
51,40,44,30.2,70.1,แตงกวา
58,38,48,19.7,64.4,หัวไชเท้า
26,35,33,26.0,59.1,ถั่วฝักยาว
31,20,37,30.7,57.7,กะเพรา
57,41,45,29.3,73.4,กวางตุ้ง
19,14,20,29.4,54.0,พริกขี้หนู
46,38,69,27.1,60.9,ฟักทอง
52,33,40,29.4,79.4,ผักบุ้งจีน
76,54,57,24.4,60.6,มะเขือเทศ
76,50,67,24.7,66.5,มะเขือเทศ
88,52,69,21.2,77.2,กะหล่ำปลี
51,34,50,21.2,68.9,กรีนโอ๊ค
53,39,51,30.8,73.4,แตงกวา
92,56,56,25.1,73.2,ข้าวโพดหวาน
52,35,44,27.2,75.5,แตงกวา
88,46,72,20.2,74.9,กะหล่ำปลี
75,50,66,22.8,66.9,มะเขือเทศ
79,49,59,25.7,70.0,มะเขือเทศ
84,49,75,20.2,69.8,กะหล่ำปลี
57,37,47,28.3,70.3,กวางตุ้ง
38,34,51,22.2,65.2,กระเทียม
57,45,45,29.6,75.5,กวางตุ้ง
52,35,48,27.9,73.6,แตงกวา
47,37,47,32.0,78.3,แตงกวา
55,34,57,20.7,66.9,หัวไชเท้า
47,30,52,23.2,57.7,กระเทียม
51,34,44,23.2,67.7,กรีนโอ๊ค
37,38,35,23.8,64.6,ผักชี
55,41,44,28.0,67.8,แตงกวา
73,47,69,23.5,66.9,มะเขือเทศ
80,51,71,21.1,71.0,กะหล่ำปลี
17,17,24,27.6,47.8,พริกขี้หนู
52,26,47,28.5,83.9,ผักบุ้งจีน
50,28,55,20.6,66.3,หัวไชเท้า
65,38,50,29.1,73.7,กวางตุ้ง
51,42,50,28.5,71.6,แตงกวา
77,48,59,25.3,62.8,มะเขือเทศ
50,23,39,30.2,74.5,ผักบุ้งจีน
54,39,51,26.9,75.6,แตงกวา
43,28,48,21.6,57.7,กระเทียม
54,31,43,21.1,57.8,กระเทียม
32,28,32,23.6,62.8,ผักชี
36,23,37,31.5,55.2,กะเพรา
57,41,53,29.3,73.3,แตงกวา
31,25,35,30.4,61.7,กะเพรา
49,41,52,26.9,64.5,ฟักทอง
53,34,61,29.3,62.7,ฟักทอง
46,33,44,18.3,67.0,หัวไชเท้า
50,37,63,29.5,67.9,ฟักทอง
42,28,30,29.1,80.7,ผักบุ้งจีน
18,18,20,32.1,52.7,พริกขี้หนู
47,32,44,22.2,59.6,กรีนโอ๊ค
73,43,55,27.2,81.5,คะน้า
78,51,74,23.4,73.1,กะหล่ำปลี
54,34,56,18.8,69.1,หัวไชเท้า
79,54,70,21.7,66.1,กะหล่ำปลี
58,35,52,22.1,62.1,หัวไชเท้า
26,29,24,30.3,56.8,กะเพรา
80,41,56,25.8,78.4,คะน้า
57,28,47,19.1,69.2,หัวไชเท้า
63,38,45,28.0,76.4,กวางตุ้ง
42,29,63,27.1,61.8,ฟักทอง
18,16,13,27.7,53.2,พริกขี้หนู
43,29,54,28.0,67.4,ฟักทอง
13,13,21,29.6,57.2,พริกขี้หนู
44,30,38,23.9,63.1,ผักชี
73,41,60,28.6,79.1,คะน้า
27,30,32,29.2,56.5,ถั่วฝักยาว
15,15,13,30.0,55.1,พริกขี้หนู
49,28,45,31.2,81.6,ผักบุ้งจีน
57,30,49,21.6,66.0,หัวไชเท้า
57,43,49,29.2,75.5,แตงกวา
42,34,50,23.6,60.6,กระเทียม
47,41,49,30.4,69.6,แตงกวา
81,44,64,24.7,78.5,คะน้า
79,50,70,21.9,69.4,กะหล่ำปลี
26,28,26,30.5,56.6,กะเพรา
45,32,32,25.3,66.5,ผักชี
48,41,47,23.3,69.8,กรีนโอ๊ค
57,38,51,30.4,75.0,กวางตุ้ง
75,51,66,24.1,64.1,มะเขือเทศ
40,28,50,20.0,61.2,กระเทียม
53,32,45,22.4,69.3,กรีนโอ๊ค
19,17,22,28.7,52.8,พริกขี้หนู
17,19,16,29.9,50.0,พริกขี้หนู
74,50,67,25.7,66.8,มะเขือเทศ
30,32,30,29.3,56.1,ถั่วฝักยาว
73,46,68,25.6,71.2,มะเขือเทศ
81,50,63,21.2,72.9,กะหล่ำปลี
29,32,24,30.8,55.7,ถั่วฝักยาว
76,43,60,25.6,76.6,คะน้า
33,25,32,31.4,58.1,กะเพรา
40,31,53,23.2,55.1,กระเทียม
80,46,60,28.5,74.7,คะน้า
39,36,35,24.7,67.5,ผักชี
27,35,31,27.6,55.1,ถั่วฝักยาว
47,30,47,22.3,71.3,กรีนโอ๊ค
74,41,61,24.4,81.5,คะน้า
85,41,63,28.1,84.4,คะน้า
53,38,44,20.6,67.5,หัวไชเท้า
84,53,56,27.7,72.2,ข้าวโพดหวาน
47,35,49,24.9,56.2,กรีนโอ๊ค
49,37,49,22.0,63.9,กรีนโอ๊ค
20,39,26,32.1,63.1,ถั่วฝักยาว
26,37,28,29.1,56.8,ถั่วฝักยาว
42,35,36,23.1,63.7,ผักชี
25,36,29,28.1,56.6,ถั่วฝักยาว
46,29,42,32.0,73.8,ผักบุ้งจีน
88,55,57,26.5,71.9,ข้าวโพดหวาน
57,41,41,29.1,68.1,แตงกวา
38,33,36,24.8,62.1,ผักชี
97,61,59,27.0,65.5,ข้าวโพดหวาน
64,45,52,27.4,79.0,กวางตุ้ง
87,49,62,26.1,69.4,ข้าวโพดหวาน
79,44,55,25.6,79.6,คะน้า
58,31,46,22.7,64.2,หัวไชเท้า
89,56,58,27.2,70.0,ข้าวโพดหวาน
44,29,58,27.4,61.9,ฟักทอง
51,42,49,28.5,69.2,แตงกวา
43,34,49,20.8,56.6,กระเทียม
22,16,16,27.8,50.2,พริกขี้หนู
97,54,62,27.1,73.8,ข้าวโพดหวาน
54,41,48,29.6,73.9,แตงกวา
53,34,59,27.6,64.4,ฟักทอง
50,30,47,20.8,65.0,หัวไชเท้า
44,28,51,21.9,66.3,กระเทียม
39,30,48,22.6,57.4,กระเทียม
81,43,56,26.3,76.3,คะน้า
57,31,50,28.4,68.3,แตงกวา
46,36,57,29.1,70.5,ฟักทอง
84,52,66,21.2,71.3,กะหล่ำปลี
88,52,61,22.9,77.3,กะหล่ำปลี
85,48,67,23.1,67.0,มะเขือเทศ
47,37,55,29.3,64.1,ฟักทอง
21,16,19,29.7,50.8,พริกขี้หนู
46,34,46,21.0,61.6,กรีนโอ๊ค
77,46,67,23.4,74.2,มะเขือเทศ
42,36,35,25.4,63.1,ผักชี
18,14,15,29.7,49.7,พริกขี้หนู
41,27,50,21.7,53.8,กระเทียม
32,21,35,32.1,57.2,กะเพรา
25,35,22,29.0,60.7,ถั่วฝักยาว
50,36,43,24.1,60.7,กรีนโอ๊ค
45,30,45,23.5,58.4,กระเทียม
39,31,49,21.9,57.9,กระเทียม
62,34,47,21.6,69.4,หัวไชเท้า
56,33,38,21.4,71.3,หัวไชเท้า
28,26,28,30.6,55.3,กะเพรา
81,48,60,23.7,62.1,มะเขือเทศ
56,33,55,27.8,62.5,ฟักทอง
82,48,67,22.8,70.3,กะหล่ำปลี
50,37,58,27.1,65.0,ฟักทอง
25,18,20,28.6,52.9,พริกขี้หนู
37,30,59,23.5,63.9,กระเทียม
56,34,50,17.5,63.9,หัวไชเท้า
60,37,42,31.8,79.9,แตงกวา
60,44,46,29.8,67.9,แตงกวา
46,28,46,22.2,56.7,กระเทียม
88,48,70,21.6,74.6,กะหล่ำปลี
39,28,26,30.9,53.4,กะเพรา
51,32,57,28.5,61.0,ฟักทอง
51,42,47,28.9,66.1,แตงกวา
82,55,56,29.3,66.9,ข้าวโพดหวาน
59,50,59,24.7,66.9,มะเขือเทศ
15,18,15,29.6,49.8,พริกขี้หนู
77,40,62,24.5,76.9,คะน้า
33,33,36,25.0,62.6,ผักชี
52,35,54,20.2,65.8,หัวไชเท้า
46,34,35,24.2,73.4,ผักชี
35,23,26,29.4,55.6,กะเพรา
55,32,53,29.0,59.2,ฟักทอง
34,34,32,21.4,70.6,ผักชี
39,32,35,22.2,63.3,ผักชี
84,52,71,22.6,69.2,กะหล่ำปลี
56,40,49,29.2,69.9,แตงกวา
47,31,41,31.3,76.1,ผักบุ้งจีน
47,35,38,22.1,67.6,กรีนโอ๊ค
81,48,63,24.7,64.1,มะเขือเทศ
58,39,48,29.0,69.9,แตงกวา
47,32,41,32.0,80.2,ผักบุ้งจีน
41,25,34,34.7,60.1,กะเพรา
29,40,26,27.9,53.9,ถั่วฝักยาว
55,32,46,19.6,64.6,หัวไชเท้า
54,36,48,27.4,77.0,แตงกวา
43,30,51,22.1,57.1,กระเทียม
23,38,28,27.5,64.8,ถั่วฝักยาว
84,41,61,28.4,79.7,คะน้า
28,40,27,29.3,62.7,ถั่วฝักยาว
73,47,67,26.7,69.6,มะเขือเทศ
37,35,35,24.2,60.1,ผักชี
72,55,61,23.8,61.8,มะเขือเทศ
56,36,52,31.0,71.4,แตงกวา
24,33,35,25.7,62.3,ถั่วฝักยาว
25,13,21,29.2,57.1,พริกขี้หนู
21,13,25,28.8,54.2,พริกขี้หนู
88,51,60,26.9,72.4,ข้าวโพดหวาน
39,24,29,33.8,59.8,กะเพรา
45,32,51,21.8,60.2,กระเทียม
57,41,47,29.4,74.4,กวางตุ้ง
27,33,30,27.5,58.1,ถั่วฝักยาว
28,31,39,29.5,52.1,ถั่วฝักยาว
54,35,49,28.6,71.8,แตงกวา
36,30,37,24.7,67.0,ผักชี
35,33,37,24.1,62.0,ผักชี
47,26,42,31.3,76.0,ผักบุ้งจีน
46,37,42,21.9,66.9,กรีนโอ๊ค
39,39,33,25.1,64.9,ผักชี
56,29,48,23.7,61.9,กรีนโอ๊ค
49,27,49,22.7,65.1,กระเทียม
42,33,61,28.1,73.4,ฟักทอง
44,30,41,20.2,60.3,กระเทียม
52,44,54,29.6,70.4,แตงกวา
58,30,62,26.3,63.9,ฟักทอง
14,11,21,29.6,47.6,พริกขี้หนู
41,30,42,23.8,55.2,กระเทียม
58,36,46,20.1,65.4,หัวไชเท้า
51,31,46,31.5,77.1,ผักบุ้งจีน
28,32,25,28.0,57.9,ถั่วฝักยาว
52,41,43,28.6,71.1,กวางตุ้ง
75,49,63,25.5,64.8,มะเขือเทศ
47,36,42,19.7,68.5,หัวไชเท้า
43,20,27,31.5,62.0,กะเพรา
31,38,28,26.3,62.8,ถั่วฝักยาว
53,34,53,19.7,63.7,หัวไชเท้า
77,49,62,25.9,72.4,คะน้า
38,29,31,24.6,71.0,ผักชี
52,28,54,29.6,64.2,ฟักทอง
49,33,51,20.8,62.4,หัวไชเท้า
54,42,53,29.7,71.0,แตงกวา
50,32,60,27.1,68.7,ฟักทอง
11,13,20,28.7,47.9,พริกขี้หนู
18,16,16,27.7,48.1,พริกขี้หนู
63,38,46,29.6,75.1,กวางตุ้ง
60,41,56,18.4,60.0,หัวไชเท้า
38,19,32,31.2,60.5,กะเพรา
41,31,44,23.8,54.5,กรีนโอ๊ค
26,31,35,25.2,57.7,ถั่วฝักยาว
50,35,46,23.5,66.2,กรีนโอ๊ค
32,33,35,22.9,71.1,ผักชี
56,28,44,31.0,77.4,ผักบุ้งจีน
22,34,20,28.3,61.2,ถั่วฝักยาว
66,43,49,29.6,70.7,กวางตุ้ง
58,40,52,26.6,70.1,กวางตุ้ง
74,46,53,28.3,76.4,คะน้า
59,34,42,31.7,81.0,ผักบุ้งจีน
55,42,47,30.3,73.3,แตงกวา
48,34,31,24.3,62.2,ผักชี
49,35,48,19.3,65.1,หัวไชเท้า
60,40,46,19.9,63.4,หัวไชเท้า
40,33,34,24.4,68.6,ผักชี
48,28,38,31.5,76.5,ผักบุ้งจีน
83,56,59,28.7,70.3,ข้าวโพดหวาน
39,30,42,24.4,60.1,ผักชี
53,35,48,22.5,64.2,กรีนโอ๊ค
18,19,16,29.8,57.0,พริกขี้หนู
46,23,37,29.4,83.7,ผักบุ้งจีน
26,36,33,27.8,56.4,ถั่วฝักยาว
73,47,64,25.7,66.9,มะเขือเทศ
45,20,53,23.3,59.9,กระเทียม
43,33,34,23.1,61.1,ผักชี
55,35,43,29.8,69.8,กวางตุ้ง
15,15,17,30.8,49.4,พริกขี้หนู
45,35,59,27.0,65.6,ฟักทอง
47,32,47,23.5,66.9,กรีนโอ๊ค
94,52,56,27.1,71.8,ข้าวโพดหวาน
94,53,58,29.7,68.1,ข้าวโพดหวาน
25,16,20,28.5,50.1,พริกขี้หนู
42,41,30,23.6,65.8,ผักชี
76,53,60,26.2,65.7,มะเขือเทศ
51,33,58,27.3,71.7,ฟักทอง
75,50,71,23.1,65.9,มะเขือเทศ
72,52,70,25.9,67.2,มะเขือเทศ
44,27,45,20.9,57.6,กระเทียม
31,37,32,29.4,63.0,ถั่วฝักยาว
51,35,46,22.2,61.5,กรีนโอ๊ค
54,40,49,30.5,71.1,แตงกวา
59,33,45,19.8,64.6,หัวไชเท้า
53,40,52,26.6,75.1,กวางตุ้ง
46,26,47,32.1,82.5,ผักบุ้งจีน
49,35,32,27.4,60.4,ผักชี
21,35,33,29.4,59.5,ถั่วฝักยาว
35,36,33,23.4,68.0,ผักชี
53,37,60,26.9,62.2,ฟักทอง
54,37,45,20.3,61.7,หัวไชเท้า
86,51,71,21.8,69.9,กะหล่ำปลี
77,50,68,25.7,67.0,มะเขือเทศ
36,38,32,22.4,67.5,ผักชี
54,33,44,20.3,62.1,หัวไชเท้า
42,29,40,34.0,77.3,ผักบุ้งจีน
89,57,62,26.8,68.5,ข้าวโพดหวาน
19,17,15,28.1,54.8,พริกขี้หนู
47,38,45,29.5,68.1,แตงกวา
19,29,34,28.1,57.1,ถั่วฝักยาว
74,47,51,28.4,82.9,คะน้า
52,40,46,29.0,71.3,แตงกวา
84,54,68,22.7,69.2,กะหล่ำปลี
61,37,46,29.9,67.8,กวางตุ้ง
39,36,58,28.6,61.9,ฟักทอง
42,28,45,23.5,64.6,กระเทียม
64,37,48,28.8,79.0,กวางตุ้ง
38,33,31,23.6,67.7,ผักชี
50,34,34,29.0,77.8,ผักบุ้งจีน
51,37,40,24.7,63.5,กรีนโอ๊ค
54,38,45,26.0,68.4,แตงกวา
44,34,44,21.5,66.3,กรีนโอ๊ค
22,40,29,26.5,59.7,ถั่วฝักยาว
55,31,41,33.6,75.7,ผักบุ้งจีน
51,29,51,19.2,61.9,หัวไชเท้า
58,45,50,29.1,74.3,กวางตุ้ง
53,21,44,28.9,76.7,ผักบุ้งจีน
61,43,58,29.7,72.9,กวางตุ้ง
38,28,54,21.5,52.6,กระเทียม
55,37,62,27.8,67.7,ฟักทอง
43,36,38,22.4,63.7,กรีนโอ๊ค
73,53,67,26.7,64.5,มะเขือเทศ
73,41,60,25.8,75.2,คะน้า
54,42,45,29.2,74.2,กวางตุ้ง
32,23,37,30.5,66.5,กะเพรา
48,35,48,18.4,66.0,หัวไชเท้า
55,40,47,26.4,68.5,แตงกวา
56,39,50,27.1,80.4,กวางตุ้ง
45,32,53,27.9,67.1,ฟักทอง
55,29,43,20.4,70.5,หัวไชเท้า
90,51,69,20.4,77.2,กะหล่ำปลี
42,31,39,21.7,63.1,กรีนโอ๊ค
75,46,68,25.8,76.7,คะน้า
41,28,44,22.0,60.8,กระเทียม
50,34,39,22.9,55.8,กรีนโอ๊ค
54,35,51,20.2,64.2,หัวไชเท้า
43,30,51,21.7,56.5,กระเทียม
21,33,33,29.7,53.6,ถั่วฝักยาว
33,33,32,29.4,57.5,ถั่วฝักยาว
81,42,60,25.8,81.9,คะน้า
45,31,40,22.9,58.0,กระเทียม
34,24,30,31.1,60.2,กะเพรา
48,32,52,28.0,60.5,ฟักทอง
19,22,13,29.8,56.1,พริกขี้หนู
37,36,36,24.4,65.3,ผักชี
55,33,67,28.0,74.1,ฟักทอง
84,49,62,27.5,79.3,คะน้า
86,52,62,20.2,75.1,กะหล่ำปลี
45,35,43,22.2,66.0,กรีนโอ๊ค
52,34,56,29.0,71.0,ฟักทอง
89,54,59,27.0,66.8,ข้าวโพดหวาน
26,34,27,26.1,56.0,ถั่วฝักยาว
57,27,35,28.9,83.2,ผักบุ้งจีน
30,34,28,28.1,61.0,ถั่วฝักยาว
82,48,58,26.6,79.8,คะน้า
49,35,45,21.1,65.8,กรีนโอ๊ค
84,45,65,27.5,81.9,คะน้า
86,52,72,22.2,73.9,กะหล่ำปลี
55,34,49,23.4,66.2,กรีนโอ๊ค
86,55,66,29.0,70.2,ข้าวโพดหวาน
87,56,68,20.5,67.9,กะหล่ำปลี
51,39,49,27.0,75.0,แตงกวา
57,32,49,30.2,75.2,กวางตุ้ง
83,46,61,26.7,73.5,คะน้า
14,15,18,33.1,54.4,พริกขี้หนู
49,36,56,28.2,61.1,ฟักทอง
53,31,52,20.6,67.4,หัวไชเท้า
51,37,48,29.3,75.0,แตงกวา
71,55,63,23.4,68.8,มะเขือเทศ
43,25,52,21.9,58.7,กระเทียม
16,19,19,27.4,52.7,พริกขี้หนู
70,47,67,24.7,73.6,มะเขือเทศ
48,40,48,28.9,76.8,แตงกวา
27,25,32,31.7,62.6,กะเพรา
22,35,26,28.0,57.2,ถั่วฝักยาว
49,31,40,29.8,82.2,ผักบุ้งจีน
74,45,64,26.0,72.8,คะน้า
59,38,41,29.6,76.5,กวางตุ้ง
62,36,49,28.5,74.1,กวางตุ้ง
90,50,77,22.4,69.7,กะหล่ำปลี
17,34,34,27.8,52.7,ถั่วฝักยาว
25,40,23,30.4,58.3,ถั่วฝักยาว
46,30,43,24.3,67.3,กรีนโอ๊ค
47,40,56,28.3,68.0,ฟักทอง
49,42,47,26.3,73.8,กวางตุ้ง
95,60,61,28.6,64.5,ข้าวโพดหวาน
52,34,44,23.1,64.3,กรีนโอ๊ค
98,55,57,27.7,68.0,ข้าวโพดหวาน
50,35,48,22.5,60.3,กระเทียม
54,32,45,28.2,76.2,แตงกวา
21,18,19,28.0,51.3,พริกขี้หนู
74,47,67,24.5,63.7,มะเขือเทศ
80,42,57,28.4,83.0,คะน้า
95,58,58,28.3,67.4,ข้าวโพดหวาน
55,43,46,29.7,73.5,กวางตุ้ง
58,30,56,30.0,79.0,แตงกวา
50,28,41,31.4,81.6,ผักบุ้งจีน
38,31,43,20.9,64.3,กระเทียม
28,40,31,29.9,57.1,ถั่วฝักยาว
87,59,55,28.3,72.9,ข้าวโพดหวาน
20,18,23,29.0,50.7,พริกขี้หนู
54,43,44,26.3,71.3,แตงกวา
43,29,37,23.0,66.1,ผักชี
51,40,50,30.6,76.4,แตงกวา
95,53,61,27.9,73.5,ข้าวโพดหวาน
92,52,48,27.4,69.0,ข้าวโพดหวาน
53,34,48,20.9,68.2,หัวไชเท้า
49,34,41,25.5,63.3,กรีนโอ๊ค
50,34,62,27.0,65.5,ฟักทอง
86,46,60,25.3,75.4,มะเขือเทศ
78,42,59,26.7,76.7,คะน้า
30,22,35,31.7,56.1,กะเพรา
39,29,50,24.4,55.5,กระเทียม
39,22,24,32.9,60.6,กะเพรา
31,25,28,29.9,59.2,กะเพรา
55,39,49,28.1,75.3,แตงกวา
68,35,50,30.9,72.0,กวางตุ้ง
18,12,20,26.1,51.4,พริกขี้หนู
61,36,55,28.4,72.1,กวางตุ้ง
88,47,69,20.3,71.3,กะหล่ำปลี
54,27,49,32.2,76.9,ผักบุ้งจีน
37,27,51,20.4,59.5,กระเทียม
47,38,49,21.4,70.4,กรีนโอ๊ค
71,41,47,28.5,65.8,กวางตุ้ง
45,23,38,31.9,83.3,ผักบุ้งจีน
70,47,59,28.4,73.2,คะน้า
42,34,50,27.3,68.0,ฟักทอง
30,35,33,28.3,67.4,ถั่วฝักยาว
79,43,56,26.9,79.3,คะน้า
46,31,34,33.2,82.1,ผักบุ้งจีน
44,31,57,21.9,56.3,กระเทียม
82,49,62,27.3,73.5,ข้าวโพดหวาน
41,37,55,22.2,65.5,กระเทียม
22,35,28,29.1,52.3,ถั่วฝักยาว
44,32,41,23.5,63.2,กรีนโอ๊ค
47,31,54,22.4,67.2,กรีนโอ๊ค
44,33,56,29.2,65.5,ฟักทอง
93,46,71,24.8,72.2,กะหล่ำปลี
69,42,49,28.2,72.1,กวางตุ้ง
59,40,52,29.3,73.9,กวางตุ้ง
40,34,45,22.0,56.6,กระเทียม
43,31,37,31.7,75.3,ผักบุ้งจีน
28,37,28,28.6,59.4,ถั่วฝักยาว
71,46,59,25.2,70.0,มะเขือเทศ
33,22,25,30.6,61.9,กะเพรา
29,39,33,28.3,61.7,ถั่วฝักยาว
55,41,49,28.6,68.0,แตงกวา
43,26,51,23.3,59.6,กระเทียม
54,33,57,28.4,62.0,ฟักทอง
23,8,29,30.8,51.0,พริกขี้หนู
89,58,66,29.0,73.9,ข้าวโพดหวาน
15,13,26,29.1,52.4,พริกขี้หนู
80,48,61,23.8,68.7,กะหล่ำปลี
79,51,72,20.6,68.4,กะหล่ำปลี
24,11,18,30.1,51.0,พริกขี้หนู
74,51,67,25.0,69.9,มะเขือเทศ
84,42,66,24.9,79.5,คะน้า
49,39,45,21.4,60.8,กรีนโอ๊ค
57,45,57,27.6,70.1,กวางตุ้ง
61,42,51,30.5,72.0,กวางตุ้ง
46,35,42,21.1,68.1,กรีนโอ๊ค
51,37,61,27.9,64.4,ฟักทอง
59,34,55,20.6,56.8,หัวไชเท้า
24,34,26,29.8,54.3,ถั่วฝักยาว
18,32,25,26.1,58.0,ถั่วฝักยาว
50,35,57,27.8,64.4,ฟักทอง
53,41,50,28.8,80.0,แตงกวา
36,30,28,24.5,64.3,ผักชี
30,30,30,32.4,55.8,กะเพรา
95,55,62,29.6,69.8,ข้าวโพดหวาน
81,43,65,27.5,78.1,คะน้า
52,42,54,28.9,74.4,แตงกวา
48,31,50,19.9,67.1,หัวไชเท้า
28,23,32,30.4,53.0,กะเพรา
61,35,47,29.7,79.3,กวางตุ้ง
52,32,44,23.8,66.6,กรีนโอ๊ค
52,39,47,28.6,74.9,แตงกวา
51,32,51,21.1,74.8,หัวไชเท้า
80,49,56,25.5,72.5,มะเขือเทศ
78,48,61,25.8,76.9,คะน้า
48,27,50,22.5,58.6,กระเทียม
45,32,44,22.3,63.0,กระเทียม
66,37,52,28.1,74.1,กวางตุ้ง
50,30,42,31.6,78.8,ผักบุ้งจีน
53,35,45,22.0,59.9,กรีนโอ๊ค
54,34,50,29.1,74.2,แตงกวา
75,46,57,26.8,78.3,คะน้า
36,24,26,33.0,58.2,กะเพรา
26,29,27,32.9,61.7,กะเพรา
18,13,21,28.3,53.4,พริกขี้หนู
22,13,19,29.1,52.4,พริกขี้หนู
16,15,19,29.8,51.2,พริกขี้หนู
46,29,52,21.2,52.1,กระเทียม
64,39,46,28.3,69.4,กวางตุ้ง
53,35,60,29.3,63.3,ฟักทอง
58,34,50,21.4,62.5,หัวไชเท้า
52,35,49,28.6,69.1,แตงกวา
38,24,31,33.5,50.6,กะเพรา
58,35,47,28.9,76.8,แตงกวา
49,28,47,21.3,59.5,กระเทียม
54,40,48,27.0,69.0,แตงกวา
37,38,38,24.2,60.5,ผักชี
53,37,54,27.3,70.4,กวางตุ้ง
48,29,46,20.2,53.5,กระเทียม
57,39,56,28.1,71.0,ฟักทอง
73,50,60,25.4,66.4,มะเขือเทศ
52,35,62,28.3,64.8,ฟักทอง
53,35,46,19.7,65.2,หัวไชเท้า
77,42,63,28.1,79.6,คะน้า
73,52,65,25.8,61.8,มะเขือเทศ
43,48,56,28.7,72.0,แตงกวา
91,52,67,20.8,69.2,กะหล่ำปลี
47,25,49,22.3,56.5,กระเทียม
57,36,40,27.8,71.2,แตงกวา
76,50,66,25.1,71.0,มะเขือเทศ
46,36,57,29.3,63.3,ฟักทอง
31,39,32,29.1,60.2,ถั่วฝักยาว
46,33,48,21.9,57.1,กระเทียม
82,50,61,27.3,78.0,คะน้า
56,44,51,26.8,73.3,กวางตุ้ง
46,29,35,30.3,73.8,ผักบุ้งจีน
89,50,72,21.9,71.6,กะหล่ำปลี
71,48,63,26.9,71.3,มะเขือเทศ
52,37,42,27.8,80.5,แตงกวา
49,33,48,20.3,59.9,กรีนโอ๊ค
26,40,24,29.1,63.2,ถั่วฝักยาว
53,34,39,18.7,62.2,หัวไชเท้า
39,32,38,24.8,68.4,ผักชี
78,51,74,23.8,70.9,มะเขือเทศ
53,27,39,31.7,74.6,ผักบุ้งจีน
26,31,29,28.4,62.6,ถั่วฝักยาว
34,37,37,21.9,69.7,ผักชี
77,48,69,25.4,65.6,มะเขือเทศ
51,34,44,23.0,63.2,กรีนโอ๊ค
44,30,43,31.1,81.7,ผักบุ้งจีน
91,56,59,25.7,68.8,ข้าวโพดหวาน
86,59,53,29.5,72.1,ข้าวโพดหวาน
89,57,61,27.5,71.5,ข้าวโพดหวาน
58,37,47,22.0,67.2,กรีนโอ๊ค
87,56,51,27.4,78.3,ข้าวโพดหวาน
85,46,66,22.3,75.5,กะหล่ำปลี
72,49,64,23.2,72.0,มะเขือเทศ
40,30,50,22.5,60.8,กระเทียม
52,41,57,28.1,68.7,ฟักทอง
52,35,45,19.8,65.0,หัวไชเท้า
46,35,57,28.3,68.9,ฟักทอง
91,49,59,28.7,71.4,ข้าวโพดหวาน
55,37,48,20.2,65.4,หัวไชเท้า
56,39,49,19.5,69.9,หัวไชเท้า
60,43,50,27.5,67.7,แตงกวา
42,25,31,33.1,57.5,กะเพรา
58,41,47,26.3,72.9,กวางตุ้ง
46,31,42,31.6,91.5,ผักบุ้งจีน
60,48,51,27.3,71.7,กวางตุ้ง
57,40,50,28.3,70.3,แตงกวา
86,53,59,27.4,63.1,ข้าวโพดหวาน
54,27,41,30.0,85.5,ผักบุ้งจีน
30,27,34,30.1,55.1,กะเพรา
51,40,47,33.1,73.8,แตงกวา
22,37,27,29.5,58.1,ถั่วฝักยาว
88,45,73,21.6,74.7,กะหล่ำปลี
44,23,24,31.0,58.0,กะเพรา
46,30,39,32.3,79.7,ผักบุ้งจีน
63,38,48,28.6,69.7,แตงกวา
16,16,28,28.1,53.2,พริกขี้หนู
20,13,23,29.8,49.6,พริกขี้หนู
78,51,69,21.5,75.8,กะหล่ำปลี
73,44,58,25.8,77.4,คะน้า
80,49,62,26.0,69.8,มะเขือเทศ
67,51,62,23.7,64.1,มะเขือเทศ
61,41,52,29.8,73.4,กวางตุ้ง
22,15,25,28.6,55.6,พริกขี้หนู
32,36,28,26.8,54.8,ถั่วฝักยาว
42,34,49,20.6,62.5,กระเทียม
57,40,47,28.2,77.9,กวางตุ้ง
89,46,60,22.2,70.9,กะหล่ำปลี
51,34,55,19.1,65.2,หัวไชเท้า
18,34,32,29.4,60.3,ถั่วฝักยาว
83,49,63,22.4,70.3,กะหล่ำปลี
18,13,18,30.1,54.5,พริกขี้หนู
58,33,48,20.8,64.9,หัวไชเท้า
26,36,31,29.7,58.7,ถั่วฝักยาว
40,23,51,21.0,63.8,กระเทียม
49,31,46,19.7,68.8,หัวไชเท้า
99,50,59,30.3,75.9,ข้าวโพดหวาน
34,31,23,29.1,52.8,กะเพรา
22,37,32,28.3,53.9,ถั่วฝักยาว
51,29,56,22.0,61.2,กระเทียม
41,30,55,22.2,54.7,กระเทียม
53,36,45,29.6,78.0,กวางตุ้ง
50,38,53,27.9,62.3,ฟักทอง
54,39,48,18.9,62.0,หัวไชเท้า
58,33,48,20.4,67.4,หัวไชเท้า
33,30,28,30.5,60.4,กะเพรา
76,45,51,28.1,72.5,คะน้า
51,40,49,27.3,72.6,แตงกวา
77,46,58,26.2,74.0,คะน้า
45,30,60,26.0,60.5,ฟักทอง
48,34,51,20.8,60.4,กระเทียม
22,38,31,29.0,53.6,ถั่วฝักยาว
98,53,56,27.7,77.3,ข้าวโพดหวาน
37,28,31,29.8,56.3,กะเพรา
56,40,51,29.7,68.7,แตงกวา
41,30,43,29.2,82.0,ผักบุ้งจีน
53,36,47,20.7,65.3,หัวไชเท้า
38,24,25,33.0,57.7,กะเพรา
35,27,24,29.7,63.5,กะเพรา
25,36,26,30.0,53.8,ถั่วฝักยาว
38,36,34,24.2,59.3,ผักชี
92,51,60,22.8,66.7,กะหล่ำปลี
42,29,42,31.3,75.8,ผักบุ้งจีน
51,35,58,27.7,61.6,ฟักทอง
42,30,43,21.0,62.0,กระเทียม
23,15,21,29.5,46.4,พริกขี้หนู
45,40,48,29.6,75.3,แตงกวา
53,31,44,21.3,59.4,กระเทียม
57,28,47,24.0,66.9,กรีนโอ๊ค
90,53,72,19.7,70.8,กะหล่ำปลี
86,47,56,26.9,77.4,คะน้า
39,35,35,23.6,65.4,ผักชี
58,29,59,28.6,65.1,ฟักทอง
35,24,27,31.3,58.6,กะเพรา
52,34,39,31.5,80.4,ผักบุ้งจีน
75,51,63,22.8,66.4,มะเขือเทศ
25,35,30,28.6,53.5,ถั่วฝักยาว
21,19,21,28.2,55.1,พริกขี้หนู
79,54,69,26.8,77.6,คะน้า
57,37,52,30.4,71.7,แตงกวา
35,31,33,25.5,65.1,ผักชี
40,35,32,25.0,66.9,ผักชี
39,35,38,23.0,66.3,ผักชี
41,23,30,31.4,55.7,กะเพรา
50,33,45,23.3,60.6,กรีนโอ๊ค
50,32,46,24.8,64.5,กรีนโอ๊ค
31,37,34,24.7,62.7,ผักชี
21,18,13,29.7,51.1,พริกขี้หนู
44,27,43,20.9,54.1,กระเทียม
79,56,65,25.3,62.7,มะเขือเทศ
53,37,50,23.5,70.2,กรีนโอ๊ค
42,27,50,21.4,57.2,กระเทียม
48,30,65,29.6,62.6,ฟักทอง
67,39,52,26.9,68.7,กวางตุ้ง
42,36,35,22.3,63.3,ผักชี
25,37,26,27.5,51.5,ถั่วฝักยาว
83,46,57,27.3,71.5,คะน้า
26,15,18,29.0,52.4,พริกขี้หนู
89,54,66,28.6,77.1,ข้าวโพดหวาน
24,39,31,26.7,50.2,ถั่วฝักยาว
83,43,48,26.6,74.4,คะน้า
75,39,52,25.4,75.5,คะน้า
36,26,32,29.5,61.5,กะเพรา
63,44,45,27.4,75.6,กวางตุ้ง
25,18,14,30.5,50.9,พริกขี้หนู
56,37,50,21.6,70.6,หัวไชเท้า
25,32,27,25.8,63.6,ถั่วฝักยาว
33,22,30,29.2,54.1,กะเพรา
85,48,75,22.9,76.1,กะหล่ำปลี
84,53,66,29.7,69.8,ข้าวโพดหวาน
48,28,37,33.1,79.4,ผักบุ้งจีน
48,31,62,29.1,63.5,ฟักทอง
28,37,29,29.3,50.0,ถั่วฝักยาว
82,43,54,26.7,82.2,คะน้า
39,35,35,22.9,64.3,ผักชี
84,42,64,27.4,77.2,คะน้า
30,34,30,29.4,59.9,ถั่วฝักยาว
25,13,17,29.2,54.9,พริกขี้หนู
18,19,23,25.5,48.5,พริกขี้หนู
91,52,61,27.0,70.6,ข้าวโพดหวาน
50,37,41,25.0,57.8,กรีนโอ๊ค
45,30,57,19.8,56.4,กระเทียม
30,34,30,28.9,69.2,ถั่วฝักยาว
51,34,53,20.7,61.9,หัวไชเท้า
45,31,50,23.2,57.8,กระเทียม
44,31,38,19.9,68.5,หัวไชเท้า
29,25,25,31.4,54.2,กะเพรา
92,53,63,21.4,73.3,กะหล่ำปลี
33,27,27,31.5,59.4,กะเพรา
37,39,37,24.3,66.7,ผักชี
38,23,31,29.7,60.8,กะเพรา
44,31,53,21.8,58.9,กระเทียม
26,17,19,26.8,51.9,พริกขี้หนู
42,26,32,32.2,59.4,กะเพรา
31,38,31,28.4,56.5,ถั่วฝักยาว
53,30,45,30.7,87.5,ผักบุ้งจีน
50,34,64,29.6,58.8,ฟักทอง
28,33,24,27.6,56.8,ถั่วฝักยาว
52,41,43,30.2,68.9,แตงกวา
92,51,75,22.7,68.8,กะหล่ำปลี
32,17,24,29.9,58.5,กะเพรา
60,42,52,28.7,75.5,กวางตุ้ง
50,33,42,24.6,57.8,กรีนโอ๊ค
45,29,44,22.2,58.0,กระเทียม
10,21,13,28.2,51.9,พริกขี้หนู
37,23,36,30.2,51.9,กะเพรา
21,38,27,29.1,60.3,ถั่วฝักยาว
23,14,16,28.3,49.9,พริกขี้หนู
92,54,54,28.4,73.9,ข้าวโพดหวาน
44,30,39,24.0,68.8,ผักชี
50,35,62,27.0,70.9,ฟักทอง
51,33,60,26.7,65.0,ฟักทอง
57,36,51,20.0,66.3,หัวไชเท้า
80,45,58,25.3,72.0,มะเขือเทศ
33,27,25,30.2,60.4,กะเพรา
75,51,61,25.7,71.5,มะเขือเทศ
82,49,63,27.9,78.2,คะน้า
64,38,46,29.3,70.6,กวางตุ้ง
47,33,37,29.3,72.6,ผักบุ้งจีน
81,48,57,24.1,76.6,คะน้า
72,40,46,28.0,76.0,กวางตุ้ง
48,32,43,22.6,65.0,กรีนโอ๊ค
78,48,61,27.2,73.6,คะน้า
54,38,46,20.1,59.1,หัวไชเท้า
44,31,45,24.1,64.5,กระเทียม
55,38,61,27.7,68.0,ฟักทอง
60,31,43,20.5,66.0,หัวไชเท้า
22,41,26,29.7,56.6,ถั่วฝักยาว
63,37,51,29.1,75.7,กวางตุ้ง
49,38,52,22.8,65.1,กรีนโอ๊ค
39,32,34,22.1,73.0,ผักชี
78,43,64,27.4,82.4,คะน้า
49,24,44,21.8,61.2,กระเทียม
79,51,63,21.7,70.4,กะหล่ำปลี
45,28,45,21.6,62.4,กระเทียม
30,37,26,28.7,55.2,ถั่วฝักยาว
59,44,52,27.3,78.5,กวางตุ้ง
58,40,48,19.4,66.1,หัวไชเท้า
49,38,59,28.1,64.0,ฟักทอง
80,42,53,27.3,81.9,คะน้า
46,32,31,21.3,63.8,ผักชี
74,51,63,26.1,69.4,มะเขือเทศ
49,33,60,27.8,60.8,ฟักทอง
51,31,48,22.2,61.7,กระเทียม
60,40,53,26.9,74.4,แตงกวา
48,34,60,28.6,66.4,ฟักทอง
33,32,37,25.7,63.5,ผักชี
75,51,65,25.5,69.5,มะเขือเทศ
54,39,46,26.7,71.4,แตงกวา
21,37,29,28.4,59.0,ถั่วฝักยาว
52,45,55,28.4,70.2,แตงกวา
51,31,49,24.5,65.4,กรีนโอ๊ค
64,41,49,27.3,70.7,กวางตุ้ง
35,25,33,30.5,51.9,กะเพรา
34,25,27,31.1,56.8,กะเพรา
40,32,34,24.9,64.3,ผักชี
50,41,40,24.4,68.7,กรีนโอ๊ค
85,43,72,20.8,64.5,กะหล่ำปลี
24,11,21,29.0,50.8,พริกขี้หนู
83,49,69,20.4,71.2,กะหล่ำปลี
80,44,65,26.8,78.8,คะน้า
92,48,72,22.3,72.7,กะหล่ำปลี
34,25,21,30.1,54.2,กะเพรา
40,34,47,22.3,57.1,กระเทียม
55,39,53,17.2,61.3,หัวไชเท้า
38,33,27,23.6,67.6,ผักชี
50,32,37,30.6,76.6,ผักบุ้งจีน
14,16,22,29.8,55.3,พริกขี้หนู
21,12,14,29.2,51.4,พริกขี้หนู
63,37,50,29.3,71.3,กวางตุ้ง
42,35,65,29.1,64.7,ฟักทอง
92,50,68,20.9,68.7,กะหล่ำปลี
83,46,54,25.5,79.0,คะน้า
80,50,72,22.3,71.8,กะหล่ำปลี
19,14,14,30.1,55.3,พริกขี้หนู
56,33,41,24.8,68.5,กรีนโอ๊ค
77,54,69,21.0,71.8,กะหล่ำปลี
44,28,34,25.3,64.3,ผักชี
26,34,29,29.5,63.8,ถั่วฝักยาว
39,36,39,23.1,58.1,ผักชี
33,26,24,31.0,57.9,กะเพรา
14,19,21,28.3,47.6,พริกขี้หนู
80,44,62,25.6,70.3,มะเขือเทศ
34,28,31,30.6,57.0,กะเพรา
75,50,68,23.5,61.3,มะเขือเทศ
43,28,42,23.9,61.3,กรีนโอ๊ค
62,39,52,29.2,68.7,กวางตุ้ง
39,29,48,22.4,60.6,กระเทียม
44,28,41,25.3,63.4,ผักชี
84,50,73,21.5,68.4,กะหล่ำปลี
49,33,59,26.5,66.3,ฟักทอง
81,49,67,20.8,72.6,กะหล่ำปลี
21,34,30,28.1,62.1,ถั่วฝักยาว
40,31,38,24.5,66.4,ผักชี
48,44,56,29.0,76.6,แตงกวา
42,35,31,24.6,68.0,ผักชี
55,27,42,32.3,71.8,ผักบุ้งจีน
16,16,16,28.9,57.1,พริกขี้หนู
43,36,45,22.2,68.6,กรีนโอ๊ค
36,21,28,30.5,54.9,กะเพรา
24,36,38,29.6,57.7,ถั่วฝักยาว
35,34,37,22.1,65.7,ผักชี
48,35,38,29.2,77.1,ผักบุ้งจีน
42,30,26,32.2,60.6,กะเพรา
93,57,61,25.8,70.8,ข้าวโพดหวาน
26,35,32,26.6,54.9,ถั่วฝักยาว
81,41,54,25.1,80.3,คะน้า
52,34,45,20.0,65.1,กรีนโอ๊ค
40,29,36,31.2,62.3,กะเพรา
53,41,47,27.1,61.9,กวางตุ้ง
23,10,27,28.2,51.1,พริกขี้หนู
21,35,32,27.7,58.6,ถั่วฝักยาว
89,46,71,20.6,67.7,กะหล่ำปลี
35,29,28,30.4,58.9,กะเพรา
49,38,64,27.5,60.5,ฟักทอง
53,33,49,21.7,67.4,หัวไชเท้า
38,28,38,31.1,58.4,กะเพรา
44,25,51,21.9,59.5,กระเทียม
54,33,61,27.0,62.7,ฟักทอง
43,34,58,21.9,58.1,กระเทียม
34,20,28,31.1,56.7,กะเพรา
57,38,53,30.2,66.1,แตงกวา
49,27,44,30.3,84.4,ผักบุ้งจีน
61,40,49,27.6,69.6,กวางตุ้ง
53,30,55,19.6,61.3,หัวไชเท้า
34,25,28,29.7,58.9,กะเพรา
51,35,49,20.6,64.5,หัวไชเท้า
86,54,67,22.3,66.7,กะหล่ำปลี
54,36,59,27.3,67.9,ฟักทอง
54,42,42,25.0,62.2,กรีนโอ๊ค
46,36,29,22.9,69.6,ผักชี
60,40,47,28.7,77.8,แตงกวา
46,25,46,30.6,77.1,ผักบุ้งจีน
81,53,69,28.7,74.4,ข้าวโพดหวาน
33,25,28,29.6,63.6,กะเพรา
36,35,37,23.8,69.1,ผักชี
92,48,73,21.1,72.4,กะหล่ำปลี
37,31,59,20.8,60.6,กระเทียม
43,25,51,22.1,56.7,กระเทียม
90,52,65,26.3,70.8,ข้าวโพดหวาน
85,48,62,26.8,80.0,คะน้า
37,32,49,22.1,56.5,กระเทียม
19,13,15,28.6,55.9,พริกขี้หนู
54,38,50,20.6,62.0,หัวไชเท้า
83,45,73,22.6,74.5,กะหล่ำปลี
69,51,58,24.0,63.8,มะเขือเทศ
17,18,19,27.4,50.3,พริกขี้หนู
21,22,23,28.0,56.0,พริกขี้หนู
55,42,43,29.1,71.8,แตงกวา
50,38,42,30.2,76.4,แตงกวา
80,50,56,24.2,65.0,มะเขือเทศ
73,53,60,25.4,62.6,มะเขือเทศ
38,22,32,30.9,54.4,กะเพรา
75,46,66,24.1,74.3,มะเขือเทศ
56,37,47,28.9,71.3,กวางตุ้ง
53,33,41,22.3,59.9,กรีนโอ๊ค
16,10,21,30.7,56.4,พริกขี้หนู
81,46,68,22.4,65.4,กะหล่ำปลี
87,57,63,27.9,72.8,ข้าวโพดหวาน
47,35,65,28.4,67.1,ฟักทอง
73,43,62,26.8,76.4,คะน้า
70,49,68,25.4,72.0,มะเขือเทศ
17,12,14,28.4,55.8,พริกขี้หนู
77,48,64,25.1,65.5,มะเขือเทศ
44,22,43,29.4,77.2,ผักบุ้งจีน
81,42,57,26.9,74.9,คะน้า
48,40,44,31.5,64.8,แตงกวา
63,38,46,28.5,71.4,กวางตุ้ง
62,41,55,29.3,66.7,กวางตุ้ง
40,24,31,30.4,54.5,กะเพรา
31,26,34,30.8,61.6,กะเพรา
78,46,61,23.7,62.8,มะเขือเทศ
49,35,47,23.8,65.6,กรีนโอ๊ค
51,33,53,18.7,70.4,หัวไชเท้า
49,43,52,28.4,77.7,แตงกวา
51,32,56,26.4,63.2,ฟักทอง
80,52,74,17.5,71.5,กะหล่ำปลี
81,52,57,26.5,77.8,คะน้า
84,50,68,22.0,74.9,กะหล่ำปลี
75,49,63,25.1,65.1,มะเขือเทศ
36,27,45,22.8,59.1,กระเทียม
61,40,41,28.2,69.0,กวางตุ้ง
25,36,23,27.4,57.5,ถั่วฝักยาว
40,28,47,20.6,57.4,กระเทียม
62,38,54,28.9,71.6,กวางตุ้ง
53,29,63,26.3,68.4,ฟักทอง
23,18,21,27.1,53.4,พริกขี้หนู
48,36,45,20.7,65.3,กรีนโอ๊ค
50,36,47,21.3,67.9,กรีนโอ๊ค
57,41,43,30.9,73.8,แตงกวา
55,39,48,29.4,76.6,กวางตุ้ง
18,35,31,30.3,62.6,ถั่วฝักยาว
65,41,42,28.2,71.8,แตงกวา
43,26,49,21.2,58.7,กระเทียม
39,36,40,24.2,63.4,ผักชี
76,50,70,22.1,69.6,กะหล่ำปลี
54,34,42,24.6,62.7,กรีนโอ๊ค
42,44,45,28.5,66.9,แตงกวา
54,35,61,25.9,56.5,ฟักทอง
73,43,62,23.8,70.2,มะเขือเทศ
56,38,44,28.5,75.2,กวางตุ้ง
89,49,67,20.4,74.3,กะหล่ำปลี
83,46,55,26.6,75.3,คะน้า
35,23,35,30.1,55.5,กะเพรา
43,28,41,32.9,77.8,ผักบุ้งจีน
84,50,73,23.4,66.1,กะหล่ำปลี
22,34,35,29.1,52.3,ถั่วฝักยาว
88,52,56,29.2,65.6,ข้าวโพดหวาน
26,12,17,30.8,50.4,พริกขี้หนู
35,25,35,30.0,62.0,กะเพรา
81,54,58,27.2,76.6,ข้าวโพดหวาน
17,14,5,28.2,48.9,พริกขี้หนู
42,24,20,30.5,56.5,กะเพรา
47,28,43,23.1,53.8,กระเทียม
81,43,60,25.8,77.3,คะน้า
18,17,23,29.3,43.8,พริกขี้หนู
55,40,54,29.9,71.0,แตงกวา
43,34,39,22.7,53.9,ผักชี
80,49,68,22.3,74.3,กะหล่ำปลี
87,51,63,27.3,70.9,ข้าวโพดหวาน
59,39,41,29.3,67.7,กวางตุ้ง
85,51,57,24.6,68.4,มะเขือเทศ
41,30,56,23.9,51.9,กระเทียม
70,49,63,25.3,64.1,มะเขือเทศ
51,30,41,29.5,74.2,ผักบุ้งจีน
16,19,20,30.1,59.2,พริกขี้หนู
51,33,63,27.2,70.9,ฟักทอง
35,38,32,22.9,64.4,ผักชี
66,42,50,26.6,71.1,กวางตุ้ง
42,22,26,30.5,60.5,กะเพรา
44,28,47,21.6,55.9,กระเทียม
52,41,48,30.5,74.1,แตงกวา
58,38,52,28.3,69.7,กวางตุ้ง
45,28,55,20.2,56.0,กระเทียม
84,43,56,26.1,71.8,คะน้า
21,11,25,31.4,52.5,พริกขี้หนู
41,28,47,23.1,59.4,กระเทียม
61,42,46,30.3,71.1,กวางตุ้ง
61,41,50,29.2,63.1,กวางตุ้ง
52,34,47,22.8,71.4,กรีนโอ๊ค
40,32,52,19.9,63.0,กระเทียม
60,34,51,28.3,70.4,กวางตุ้ง
51,40,48,27.7,68.6,แตงกวา
79,44,60,25.7,75.5,คะน้า
54,38,42,28.5,68.0,แตงกวา
69,49,70,24.3,67.2,มะเขือเทศ
51,35,55,27.1,69.1,ฟักทอง
79,38,60,28.7,72.8,คะน้า
46,31,44,21.6,61.3,กรีนโอ๊ค
40,20,28,31.2,57.6,กะเพรา
91,54,65,27.7,75.7,ข้าวโพดหวาน
94,54,57,26.9,76.2,ข้าวโพดหวาน
85,48,69,22.1,70.9,กะหล่ำปลี
29,42,37,24.2,69.1,ผักชี
55,29,44,31.4,75.7,ผักบุ้งจีน
88,43,60,26.2,78.8,คะน้า
80,47,53,27.4,81.3,คะน้า
60,35,48,28.4,81.2,กวางตุ้ง
64,38,44,17.2,65.3,หัวไชเท้า
64,40,49,28.1,72.5,กวางตุ้ง
91,60,59,28.9,79.2,ข้าวโพดหวาน
47,31,52,28.4,67.3,ฟักทอง
56,26,34,31.3,81.7,ผักบุ้งจีน
49,36,53,20.9,65.5,หัวไชเท้า
66,42,50,27.5,69.1,กวางตุ้ง
81,53,64,27.5,69.4,ข้าวโพดหวาน
16,34,34,27.2,60.5,ถั่วฝักยาว
90,54,59,27.0,71.9,ข้าวโพดหวาน
53,32,48,21.6,68.6,กรีนโอ๊ค
83,44,68,20.3,71.0,กะหล่ำปลี
88,50,71,22.9,69.4,กะหล่ำปลี
71,55,66,25.1,67.1,มะเขือเทศ
20,18,22,29.5,46.0,พริกขี้หนู
40,31,44,20.9,56.3,กระเทียม
94,47,57,29.0,71.0,ข้าวโพดหวาน
62,37,53,27.7,72.9,กวางตุ้ง
36,26,29,33.6,52.8,กะเพรา
49,41,56,30.6,74.6,แตงกวา
46,32,49,23.8,62.7,กระเทียม
72,50,74,24.0,75.1,มะเขือเทศ
76,46,54,27.9,74.5,คะน้า
39,26,48,22.9,62.1,กระเทียม
60,43,45,28.6,73.5,กวางตุ้ง
54,33,44,22.8,65.6,กรีนโอ๊ค
45,33,51,20.5,58.4,กระเทียม
30,30,26,30.7,54.6,กะเพรา
57,40,56,27.0,66.9,กวางตุ้ง
60,39,49,20.3,65.3,หัวไชเท้า
42,25,40,31.3,74.8,ผักบุ้งจีน
50,29,37,31.5,77.9,ผักบุ้งจีน
54,43,55,28.7,69.8,แตงกวา
88,52,65,27.6,69.5,ข้าวโพดหวาน
48,35,61,28.7,61.9,ฟักทอง
54,41,47,29.6,77.9,แตงกวา
79,50,72,21.8,68.9,กะหล่ำปลี
53,40,50,29.0,78.0,แตงกวา
25,31,28,28.7,56.5,ถั่วฝักยาว
77,49,60,24.2,72.0,มะเขือเทศ
17,17,19,28.7,53.5,พริกขี้หนู
60,38,46,29.1,71.2,แตงกวา
49,34,43,30.4,79.9,ผักบุ้งจีน
31,27,35,28.6,59.5,ถั่วฝักยาว
38,32,53,23.1,54.5,กระเทียม
79,52,63,24.8,66.1,มะเขือเทศ
47,37,40,22.9,62.6,กรีนโอ๊ค
55,32,56,27.7,61.2,ฟักทอง
90,56,62,27.5,79.3,ข้าวโพดหวาน
33,41,36,23.4,69.6,ผักชี
90,54,61,28.8,67.9,ข้าวโพดหวาน
66,42,49,29.9,68.1,กวางตุ้ง
17,15,13,31.7,47.3,พริกขี้หนู
62,28,50,22.5,59.3,กรีนโอ๊ค
96,57,59,27.8,73.7,ข้าวโพดหวาน
14,14,25,28.9,52.5,พริกขี้หนู
87,46,67,23.0,70.0,กะหล่ำปลี
45,26,44,30.4,79.2,ผักบุ้งจีน
82,46,56,24.7,76.6,คะน้า
47,34,46,21.9,64.3,กรีนโอ๊ค
85,56,70,20.8,81.3,กะหล่ำปลี
71,52,54,26.4,69.8,มะเขือเทศ
47,36,58,20.9,62.2,หัวไชเท้า
59,30,47,19.1,56.1,หัวไชเท้า
57,34,62,29.0,63.4,ฟักทอง
16,17,19,28.7,50.7,พริกขี้หนู
47,34,57,27.9,67.4,ฟักทอง
47,28,57,22.0,54.5,กระเทียม
85,49,69,21.0,75.0,กะหล่ำปลี
49,33,54,21.7,56.5,กระเทียม
36,28,29,33.6,61.0,กะเพรา
74,49,66,25.3,66.8,มะเขือเทศ
49,29,36,30.5,74.9,ผักบุ้งจีน
45,29,38,31.4,75.1,ผักบุ้งจีน
37,34,39,24.4,64.8,ผักชี
62,31,52,28.7,71.9,กวางตุ้ง
67,39,52,28.6,76.5,กวางตุ้ง
30,27,22,30.8,57.1,กะเพรา
46,31,49,24.1,60.2,กระเทียม
51,39,38,24.0,61.2,กรีนโอ๊ค
18,39,34,28.2,59.1,ถั่วฝักยาว
51,34,40,21.3,74.1,กรีนโอ๊ค
49,31,54,20.1,60.2,กระเทียม
86,45,64,21.1,78.4,กะหล่ำปลี
52,33,47,24.1,64.4,กรีนโอ๊ค
20,14,20,29.6,52.9,พริกขี้หนู
48,31,61,28.6,63.9,ฟักทอง
37,22,25,31.1,55.9,กะเพรา
51,36,54,20.4,64.2,หัวไชเท้า
60,40,53,30.3,76.3,แตงกวา
61,41,50,28.9,77.9,กวางตุ้ง
61,37,51,27.9,71.9,กวางตุ้ง
24,10,18,29.2,45.6,พริกขี้หนู
60,34,53,20.4,65.0,หัวไชเท้า
75,50,65,23.7,71.9,มะเขือเทศ
44,28,44,19.2,56.7,กระเทียม
59,39,50,29.9,68.8,กวางตุ้ง
59,37,58,21.2,65.5,หัวไชเท้า
56,38,50,28.8,71.7,แตงกวา
52,34,37,24.4,55.3,กรีนโอ๊ค
27,15,24,28.5,50.9,พริกขี้หนู
36,33,33,22.2,62.1,ผักชี
64,42,51,30.3,68.7,กวางตุ้ง
51,38,50,29.9,70.3,กวางตุ้ง
53,34,50,20.6,65.8,หัวไชเท้า
53,37,69,28.6,67.5,ฟักทอง
24,34,24,27.8,57.7,ถั่วฝักยาว
42,33,27,23.3,60.9,ผักชี
89,45,60,27.6,68.6,ข้าวโพดหวาน
40,29,48,22.9,56.2,กระเทียม
37,29,57,20.9,58.0,กระเทียม
35,24,30,28.6,51.6,กะเพรา
69,53,64,24.8,71.1,มะเขือเทศ
77,44,59,28.3,78.7,คะน้า
77,50,60,27.9,75.9,คะน้า
44,36,46,22.7,71.5,กรีนโอ๊ค
78,51,60,25.0,71.4,มะเขือเทศ
78,46,68,23.8,70.9,กะหล่ำปลี
40,38,63,28.5,53.3,ฟักทอง
24,13,19,29.6,55.8,พริกขี้หนู
38,26,34,31.9,58.5,กะเพรา
55,36,55,27.3,66.3,ฟักทอง
50,28,49,21.8,53.8,กระเทียม
47,34,40,32.4,78.2,ผักบุ้งจีน
50,36,60,25.6,58.9,ฟักทอง
57,44,46,28.7,69.9,แตงกวา
44,28,38,30.0,77.4,ผักบุ้งจีน
92,57,59,27.9,73.6,ข้าวโพดหวาน
22,14,20,28.5,52.4,พริกขี้หนู
33,35,34,24.2,63.2,ผักชี
14,12,22,29.0,55.3,พริกขี้หนู
85,54,74,23.2,77.1,กะหล่ำปลี
38,38,33,26.5,66.5,ผักชี
53,36,42,21.7,60.4,กรีนโอ๊ค
72,38,60,26.3,76.1,คะน้า
88,56,62,26.0,72.3,ข้าวโพดหวาน
60,33,46,20.7,70.6,หัวไชเท้า
48,34,60,26.6,64.8,ฟักทอง
55,44,53,28.8,78.2,กวางตุ้ง
76,52,61,28.5,77.5,คะน้า
32,27,30,31.7,55.1,กะเพรา
90,50,70,19.5,65.7,กะหล่ำปลี
49,30,50,21.3,64.2,กระเทียม
25,33,31,29.8,55.5,ถั่วฝักยาว
59,40,48,27.2,73.1,แตงกวา
40,37,37,22.9,67.6,ผักชี
84,58,63,28.6,76.7,ข้าวโพดหวาน
48,37,59,27.2,59.9,ฟักทอง
18,37,31,27.2,55.4,ถั่วฝักยาว
20,31,31,30.4,56.8,ถั่วฝักยาว
43,32,35,22.4,67.5,ผักชี
87,49,75,20.5,72.6,กะหล่ำปลี
84,57,69,22.8,75.4,กะหล่ำปลี
81,42,57,26.0,74.3,คะน้า
56,32,44,20.9,63.0,หัวไชเท้า
81,49,62,26.9,86.0,คะน้า
81,42,61,28.5,70.2,คะน้า
57,39,45,29.0,68.2,แตงกวา
52,38,44,28.1,78.8,แตงกวา
55,32,57,28.2,63.7,ฟักทอง
51,35,40,31.3,77.7,ผักบุ้งจีน
97,56,58,27.7,72.1,ข้าวโพดหวาน
75,46,56,27.1,76.3,คะน้า
44,31,58,26.4,58.2,ฟักทอง
44,38,38,23.4,61.2,ผักชี
87,48,73,24.5,70.7,กะหล่ำปลี
47,39,44,22.5,64.7,กรีนโอ๊ค
58,34,57,29.6,71.9,แตงกวา
84,50,70,19.7,67.3,กะหล่ำปลี
29,23,32,33.2,58.4,กะเพรา
61,41,51,29.0,67.4,กวางตุ้ง
53,34,65,26.6,64.7,ฟักทอง
37,21,30,31.8,55.5,กะเพรา
51,33,46,31.0,75.4,ผักบุ้งจีน
42,34,35,23.1,71.1,ผักชี
79,51,65,25.0,64.7,มะเขือเทศ
33,20,31,32.5,55.8,กะเพรา
56,36,49,28.1,68.1,แตงกวา
57,37,49,29.9,72.7,กวางตุ้ง
36,28,26,31.0,55.5,กะเพรา
39,32,39,23.6,70.1,ผักชี
51,36,46,21.9,69.2,กรีนโอ๊ค
84,51,62,26.3,71.0,ข้าวโพดหวาน
61,39,50,30.4,75.4,กวางตุ้ง
60,45,50,21.7,68.5,หัวไชเท้า
20,35,31,26.5,60.7,ถั่วฝักยาว
31,22,32,30.9,57.4,กะเพรา
49,41,32,25.9,66.3,ผักชี
79,41,65,29.2,72.1,คะน้า
22,31,27,28.8,60.4,ถั่วฝักยาว
62,40,46,28.0,74.4,กวางตุ้ง
99,60,61,29.4,64.2,ข้าวโพดหวาน
51,33,59,31.0,65.5,ฟักทอง
76,51,69,24.7,68.6,มะเขือเทศ
55,32,56,20.6,62.3,หัวไชเท้า
86,52,67,19.4,74.0,กะหล่ำปลี
12,16,16,28.3,48.1,พริกขี้หนู
58,34,45,18.4,61.8,หัวไชเท้า
38,23,30,30.6,59.3,กะเพรา
72,47,64,25.8,69.9,มะเขือเทศ
54,28,39,31.0,75.3,ผักบุ้งจีน
13,23,22,29.3,54.2,พริกขี้หนู
75,50,68,27.1,63.2,มะเขือเทศ
63,38,52,28.3,73.1,กวางตุ้ง
22,36,27,29.3,58.7,ถั่วฝักยาว
55,45,51,28.6,66.7,แตงกวา
49,30,58,26.0,67.6,ฟักทอง
52,37,57,30.4,65.4,ฟักทอง
58,33,47,21.8,59.8,หัวไชเท้า
62,36,54,29.4,74.5,กวางตุ้ง
25,32,36,31.9,57.0,ถั่วฝักยาว
45,42,30,24.8,63.6,ผักชี
85,44,62,21.6,72.6,กะหล่ำปลี
56,35,50,19.8,61.8,หัวไชเท้า
63,38,45,27.2,70.3,กวางตุ้ง
43,38,55,28.9,61.5,ฟักทอง
50,31,57,27.7,73.4,ฟักทอง
42,27,51,21.5,58.0,กระเทียม
46,32,43,20.7,63.9,กระเทียม
48,26,47,22.1,60.9,กระเทียม
50,34,41,24.9,62.1,กรีนโอ๊ค
40,37,39,24.4,62.9,ผักชี
20,13,13,29.8,51.1,พริกขี้หนู
24,38,29,31.3,58.5,ถั่วฝักยาว
50,30,43,23.9,60.9,กรีนโอ๊ค
89,53,63,27.9,67.4,ข้าวโพดหวาน
19,15,18,27.8,45.9,พริกขี้หนู
23,35,31,27.1,62.3,ถั่วฝักยาว
29,29,28,28.5,58.1,ถั่วฝักยาว
50,44,58,29.6,64.7,แตงกวา
56,42,53,29.7,70.3,แตงกวา
87,50,72,21.0,76.5,กะหล่ำปลี
37,22,36,33.1,56.4,กะเพรา
86,53,74,22.3,68.0,กะหล่ำปลี
73,49,69,18.5,78.7,กะหล่ำปลี
55,34,43,21.9,65.9,หัวไชเท้า
75,45,63,26.9,65.7,มะเขือเทศ
68,47,62,24.5,70.6,มะเขือเทศ
28,14,28,29.1,50.7,พริกขี้หนู
41,22,30,30.7,60.2,กะเพรา
40,35,50,21.0,54.3,กระเทียม
52,40,49,29.3,70.4,แตงกวา
49,39,39,28.6,74.2,แตงกวา
47,36,51,20.2,61.9,หัวไชเท้า
60,40,52,28.2,73.0,แตงกวา
57,33,43,20.6,69.7,หัวไชเท้า
34,38,33,22.5,64.4,ผักชี
79,49,66,22.2,76.6,กะหล่ำปลี
38,32,32,22.4,64.7,ผักชี
80,46,65,27.7,74.3,คะน้า
20,13,28,28.9,56.1,พริกขี้หนู
51,35,45,17.7,65.8,หัวไชเท้า
64,34,51,27.9,71.7,กวางตุ้ง
37,37,30,25.7,65.0,ผักชี
50,38,44,25.5,60.9,กรีนโอ๊ค
40,38,30,24.6,60.9,ผักชี
33,24,34,33.0,57.4,กะเพรา
48,39,48,29.4,69.8,แตงกวา
52,31,39,30.0,72.7,ผักบุ้งจีน
52,39,30,24.3,62.9,ผักชี
40,38,33,25.6,69.5,ผักชี
80,48,69,22.9,78.4,กะหล่ำปลี
33,30,24,32.9,60.4,กะเพรา
16,12,16,29.2,51.4,พริกขี้หนู
51,27,40,31.1,74.0,ผักบุ้งจีน
35,20,31,30.4,56.4,กะเพรา
56,29,46,20.7,61.7,หัวไชเท้า
51,30,49,30.2,76.1,ผักบุ้งจีน
38,27,31,32.5,57.4,กะเพรา
51,35,56,27.5,71.9,ฟักทอง
92,56,56,27.1,72.8,ข้าวโพดหวาน
47,31,55,21.4,62.6,กระเทียม
82,54,68,23.5,69.0,กะหล่ำปลี
22,36,32,29.7,57.6,ถั่วฝักยาว
82,46,69,22.7,66.9,กะหล่ำปลี
4,18,17,28.0,50.6,พริกขี้หนู
33,27,25,30.8,52.7,กะเพรา
38,25,31,30.9,56.7,กะเพรา
80,49,63,23.9,68.9,มะเขือเทศ
75,33,56,28.2,73.0,กวางตุ้ง
47,33,41,22.0,67.4,กรีนโอ๊ค
75,47,63,23.3,68.3,มะเขือเทศ
84,50,63,28.4,76.0,คะน้า
77,44,66,25.9,83.7,คะน้า
54,29,42,31.0,78.1,ผักบุ้งจีน
48,28,40,28.7,72.0,ผักบุ้งจีน
55,34,44,25.1,68.1,กรีนโอ๊ค
55,38,56,20.1,63.9,หัวไชเท้า
73,45,68,27.6,77.8,คะน้า
95,57,64,27.2,74.8,ข้าวโพดหวาน
21,35,32,29.3,49.8,ถั่วฝักยาว
45,27,57,22.7,47.2,กระเทียม
16,13,19,31.3,52.8,พริกขี้หนู
11,13,23,28.5,58.1,พริกขี้หนู
75,47,67,27.6,66.7,มะเขือเทศ
42,35,32,23.4,60.8,ผักชี
19,19,20,29.0,57.7,พริกขี้หนู
83,56,57,29.0,74.4,ข้าวโพดหวาน
83,47,68,20.6,68.7,กะหล่ำปลี
45,34,34,30.5,78.5,ผักบุ้งจีน
18,19,19,30.0,51.2,พริกขี้หนู
83,45,67,24.3,66.8,มะเขือเทศ
53,32,52,22.9,59.6,กรีนโอ๊ค
27,35,30,28.2,58.4,ถั่วฝักยาว
89,54,68,29.0,80.7,ข้าวโพดหวาน
55,32,38,23.2,66.2,กรีนโอ๊ค
48,32,49,22.5,62.2,กรีนโอ๊ค
77,44,63,27.2,79.1,คะน้า
52,29,53,19.5,56.5,กระเทียม
39,19,33,31.1,60.5,กะเพรา
48,33,48,19.1,62.2,หัวไชเท้า
89,47,68,21.1,70.8,กะหล่ำปลี
27,10,14,28.9,59.9,พริกขี้หนู
26,16,17,28.4,52.3,พริกขี้หนู
79,40,62,26.1,77.3,คะน้า
24,33,25,28.3,59.5,ถั่วฝักยาว
57,38,56,27.5,76.4,แตงกวา
71,50,70,25.5,68.1,มะเขือเทศ
42,37,34,23.1,58.8,ผักชี
56,35,45,21.9,66.5,กรีนโอ๊ค
26,26,35,30.8,59.5,กะเพรา
41,22,34,31.9,51.7,กะเพรา
83,40,55,23.6,75.2,คะน้า
92,48,73,21.9,76.5,กะหล่ำปลี
85,49,70,22.2,74.3,กะหล่ำปลี
49,40,50,25.6,71.1,แตงกวา
51,39,43,21.3,59.4,กรีนโอ๊ค
36,27,51,21.4,63.4,กระเทียม
58,41,45,28.6,74.3,แตงกวา
39,38,31,24.8,64.0,ผักชี
88,48,73,22.6,73.3,กะหล่ำปลี
63,42,54,29.3,73.2,กวางตุ้ง
24,33,30,29.3,54.8,ถั่วฝักยาว
48,30,50,22.3,59.1,กระเทียม
82,37,56,29.0,76.0,คะน้า
57,38,48,30.0,74.0,กวางตุ้ง
49,26,39,30.0,76.0,ผักบุ้งจีน
45,29,54,22.6,57.4,กระเทียม
49,30,41,30.4,75.3,ผักบุ้งจีน
48,33,45,22.4,66.1,กรีนโอ๊ค
77,54,65,23.8,66.2,มะเขือเทศ
46,38,46,22.2,64.3,กรีนโอ๊ค
33,34,35,24.2,69.8,ผักชี
72,52,67,24.1,68.2,มะเขือเทศ
26,31,26,28.5,59.2,ถั่วฝักยาว
48,36,62,27.2,62.3,ฟักทอง
67,36,47,29.1,72.6,กวางตุ้ง
53,29,55,19.1,70.8,หัวไชเท้า
42,27,39,29.5,80.1,ผักบุ้งจีน
28,34,31,28.1,61.1,ถั่วฝักยาว
48,29,48,20.4,61.8,กระเทียม
17,15,20,27.1,45.6,พริกขี้หนู
39,28,41,29.2,78.6,ผักบุ้งจีน
78,37,58,26.9,74.5,คะน้า
79,43,59,26.6,73.3,คะน้า
45,30,42,31.5,77.4,ผักบุ้งจีน
62,40,48,27.5,72.3,กวางตุ้ง
56,37,51,28.4,72.1,กวางตุ้ง
69,49,66,24.9,59.3,มะเขือเทศ
38,37,32,21.5,64.4,ผักชี
91,52,67,20.8,68.9,กะหล่ำปลี
77,45,61,25.6,81.7,คะน้า
73,48,63,21.7,69.4,มะเขือเทศ
45,27,53,20.5,64.5,กระเทียม
44,24,24,32.0,62.6,กะเพรา
75,54,60,26.1,68.2,มะเขือเทศ
51,33,40,23.6,59.0,กรีนโอ๊ค
51,32,32,31.4,82.3,ผักบุ้งจีน
22,37,34,29.2,64.6,ถั่วฝักยาว
60,43,55,27.6,70.3,กวางตุ้ง
82,47,64,28.3,81.1,คะน้า
59,39,46,27.5,71.2,กวางตุ้ง
96,56,65,29.0,72.0,ข้าวโพดหวาน
36,38,34,25.7,62.6,ผักชี
32,24,30,29.2,52.9,กะเพรา
42,31,53,22.2,55.8,กระเทียม
53,30,38,31.1,71.0,ผักบุ้งจีน
88,54,65,28.2,76.0,ข้าวโพดหวาน
39,37,41,25.6,61.2,ผักชี
48,33,47,24.0,64.8,กรีนโอ๊ค
19,34,26,28.4,60.4,ถั่วฝักยาว
57,36,36,19.2,60.1,หัวไชเท้า
56,33,47,28.2,68.5,กวางตุ้ง
48,30,40,32.9,77.7,ผักบุ้งจีน
85,57,67,27.9,68.5,ข้าวโพดหวาน
43,35,37,21.4,66.6,ผักชี
87,54,61,29.1,73.2,ข้าวโพดหวาน
82,53,74,20.4,73.1,กะหล่ำปลี
40,31,33,25.1,65.1,ผักชี
57,40,53,28.6,72.6,แตงกวา
30,34,27,27.6,56.3,ถั่วฝักยาว
42,34,40,24.5,64.2,ผักชี
46,30,63,27.3,65.0,ฟักทอง
74,50,60,29.0,75.4,คะน้า
46,27,39,33.2,58.8,กะเพรา
60,40,46,29.3,75.3,กวางตุ้ง
42,30,36,22.7,67.9,ผักชี
25,39,27,29.4,58.6,ถั่วฝักยาว
54,40,52,18.4,60.5,หัวไชเท้า
19,44,30,28.7,62.4,ถั่วฝักยาว
91,52,68,21.4,74.0,กะหล่ำปลี
82,43,59,27.9,79.5,คะน้า
79,45,64,28.5,77.6,คะน้า
17,12,17,28.5,51.8,พริกขี้หนู
47,26,48,23.4,57.5,กระเทียม
40,31,54,23.4,55.6,กระเทียม
52,26,37,31.6,73.7,ผักบุ้งจีน
83,38,59,26.3,79.5,คะน้า
59,38,48,27.4,77.7,กวางตุ้ง
52,43,46,27.7,69.9,กวางตุ้ง
47,32,57,28.6,64.7,ฟักทอง
73,56,72,24.8,66.0,มะเขือเทศ
57,39,46,28.1,65.4,กวางตุ้ง
77,40,61,30.0,71.6,คะน้า
38,38,33,23.0,68.2,ผักชี
81,47,72,21.7,69.6,กะหล่ำปลี
47,30,40,30.2,85.5,ผักบุ้งจีน
17,16,26,31.0,45.3,พริกขี้หนู
47,32,51,22.2,66.5,กระเทียม
42,28,50,22.7,61.6,กระเทียม
35,34,32,24.9,65.1,ผักชี
23,36,28,26.5,56.3,ถั่วฝักยาว
30,27,26,32.2,56.8,กะเพรา
73,54,71,22.4,70.6,กะหล่ำปลี
82,48,68,20.7,79.3,กะหล่ำปลี
20,34,38,28.6,56.9,ถั่วฝักยาว
22,14,23,30.6,55.7,พริกขี้หนู
23,16,22,28.5,49.7,พริกขี้หนู
39,32,39,24.8,71.4,กรีนโอ๊ค
20,18,26,28.2,54.8,พริกขี้หนู
62,38,53,26.9,72.4,กวางตุ้ง
48,25,38,32.8,81.0,ผักบุ้งจีน
30,23,30,33.3,57.0,กะเพรา
53,27,38,31.4,81.4,ผักบุ้งจีน
19,13,21,28.0,53.1,พริกขี้หนู
83,53,71,20.4,78.5,กะหล่ำปลี
81,50,73,17.8,70.4,กะหล่ำปลี
87,50,75,20.1,73.8,กะหล่ำปลี
85,53,67,27.7,62.1,ข้าวโพดหวาน
53,39,42,23.5,65.7,กรีนโอ๊ค
57,47,51,27.9,70.7,แตงกวา
17,37,30,28.5,53.1,ถั่วฝักยาว
89,52,61,27.2,65.3,ข้าวโพดหวาน
48,28,36,31.1,75.1,ผักบุ้งจีน
56,38,50,23.1,65.9,กรีนโอ๊ค
47,27,41,30.3,80.2,ผักบุ้งจีน
50,27,38,32.2,76.0,ผักบุ้งจีน
50,38,37,24.0,69.8,กรีนโอ๊ค
53,29,51,21.1,61.1,กระเทียม
46,32,65,27.3,68.3,ฟักทอง
86,53,64,21.5,77.6,กะหล่ำปลี
85,50,72,22.0,71.6,กะหล่ำปลี
45,38,46,23.6,64.1,กรีนโอ๊ค
90,52,65,21.0,72.7,กะหล่ำปลี
49,32,53,30.2,69.0,ฟักทอง
53,34,66,27.4,71.9,ฟักทอง
56,35,47,20.5,67.8,หัวไชเท้า
38,33,35,24.9,73.3,ผักชี
48,32,44,21.8,68.6,กรีนโอ๊ค
90,49,69,27.4,74.6,ข้าวโพดหวาน
59,38,46,27.6,72.6,แตงกวา
16,13,16,28.1,61.5,พริกขี้หนู
47,29,47,30.2,84.3,ผักบุ้งจีน
54,43,48,29.3,76.5,แตงกวา
65,36,53,29.5,68.0,กวางตุ้ง
45,35,45,25.4,61.4,กรีนโอ๊ค
42,32,46,23.1,64.6,กระเทียม
50,36,47,23.1,64.7,กรีนโอ๊ค
20,15,20,29.8,53.1,พริกขี้หนู
59,32,57,17.9,67.5,หัวไชเท้า
22,10,18,27.8,52.4,พริกขี้หนู
42,36,47,22.2,65.5,กรีนโอ๊ค
53,37,45,21.8,62.9,กรีนโอ๊ค
60,45,54,28.8,70.3,กวางตุ้ง
77,45,56,27.2,82.6,คะน้า
88,49,57,28.8,73.8,ข้าวโพดหวาน
21,36,33,29.6,60.6,ถั่วฝักยาว
85,46,65,19.0,68.2,กะหล่ำปลี
44,28,35,33.0,81.1,ผักบุ้งจีน
31,21,29,32.0,60.5,กะเพรา
61,40,52,21.0,65.9,หัวไชเท้า
91,50,63,29.9,72.1,ข้าวโพดหวาน
89,57,54,25.5,77.3,ข้าวโพดหวาน
47,35,34,28.4,79.5,ผักบุ้งจีน
90,51,66,24.8,72.3,กะหล่ำปลี
57,37,63,29.4,66.9,ฟักทอง
71,45,61,24.8,68.4,มะเขือเทศ
53,33,49,19.3,64.5,หัวไชเท้า
42,26,37,31.0,79.8,ผักบุ้งจีน
50,33,33,31.2,78.9,ผักบุ้งจีน
48,31,41,24.7,65.7,กรีนโอ๊ค
89,55,69,20.9,74.1,กะหล่ำปลี
86,50,60,28.2,78.6,คะน้า
91,54,54,26.7,68.7,ข้าวโพดหวาน
31,27,30,31.5,61.1,กะเพรา
75,48,62,22.9,68.1,มะเขือเทศ
45,30,47,22.2,57.5,กระเทียม
56,35,45,23.5,75.4,กรีนโอ๊ค
28,15,16,31.0,59.3,พริกขี้หนู
51,37,60,29.4,64.7,ฟักทอง
74,45,59,27.6,76.1,คะน้า
87,46,63,21.9,70.2,กะหล่ำปลี
86,57,61,29.5,72.2,ข้าวโพดหวาน
18,10,17,29.0,52.2,พริกขี้หนู
91,55,67,25.2,69.1,ข้าวโพดหวาน
61,38,47,28.5,68.2,กวางตุ้ง
95,58,61,28.3,67.7,ข้าวโพดหวาน
76,50,66,25.1,68.0,มะเขือเทศ
54,38,45,24.0,65.7,กรีนโอ๊ค
56,38,51,30.5,69.5,แตงกวา
71,48,58,27.5,82.2,คะน้า
50,34,36,32.2,77.3,ผักบุ้งจีน
81,46,61,26.0,78.5,คะน้า
52,39,46,22.9,62.1,กรีนโอ๊ค
71,49,66,24.3,68.5,มะเขือเทศ
84,47,67,21.8,75.5,กะหล่ำปลี
16,9,12,27.5,48.9,พริกขี้หนู
65,38,49,26.5,70.6,กวางตุ้ง
38,29,35,33.1,63.1,กะเพรา
84,51,69,21.1,71.7,กะหล่ำปลี
30,13,27,28.7,47.2,พริกขี้หนู
85,48,76,22.0,69.8,กะหล่ำปลี
54,38,45,22.1,65.7,กรีนโอ๊ค
94,56,63,29.5,69.1,ข้าวโพดหวาน
47,30,56,21.8,58.2,กระเทียม
32,22,25,31.5,52.8,กะเพรา
75,52,60,24.6,67.2,มะเขือเทศ
47,42,53,27.4,68.9,แตงกวา
47,37,56,29.7,63.9,ฟักทอง
50,34,52,23.8,61.8,กรีนโอ๊ค
84,54,68,20.1,70.5,กะหล่ำปลี
25,38,31,27.7,59.4,ถั่วฝักยาว
56,39,51,22.1,59.3,หัวไชเท้า
61,44,51,28.1,72.0,กวางตุ้ง
84,51,73,23.4,75.5,กะหล่ำปลี
69,52,63,24.5,67.9,มะเขือเทศ
28,33,24,32.4,60.7,ถั่วฝักยาว
33,28,31,30.0,63.0,กะเพรา
16,17,13,29.7,54.4,พริกขี้หนู
33,24,28,32.5,61.9,กะเพรา
50,34,43,29.1,74.5,ผักบุ้งจีน
22,34,27,30.4,53.7,ถั่วฝักยาว
52,41,47,27.1,69.8,กวางตุ้ง
26,35,30,29.1,54.0,ถั่วฝักยาว
96,55,60,28.0,78.2,ข้าวโพดหวาน
80,45,59,28.4,77.7,คะน้า
39,24,50,23.1,59.7,กระเทียม
61,38,48,30.0,66.3,แตงกวา
24,35,27,27.8,62.1,ถั่วฝักยาว
89,52,56,29.9,75.3,ข้าวโพดหวาน
56,38,47,27.2,76.3,กวางตุ้ง
32,30,30,28.3,59.2,กะเพรา
36,29,28,31.0,53.4,กะเพรา
47,28,47,21.5,59.3,กระเทียม
86,53,68,22.3,74.0,กะหล่ำปลี
44,34,62,27.9,68.2,ฟักทอง
87,55,59,27.1,71.7,ข้าวโพดหวาน
36,25,48,23.1,61.2,กระเทียม
38,38,36,26.5,69.1,ผักชี
53,36,54,20.4,67.4,หัวไชเท้า
38,25,24,32.6,53.0,กะเพรา
52,40,47,18.0,68.0,หัวไชเท้า
37,28,44,21.6,61.7,กระเทียม
52,43,51,30.1,72.7,แตงกวา
53,35,50,20.5,68.1,หัวไชเท้า
57,35,41,20.8,72.4,หัวไชเท้า
52,39,53,20.5,67.6,หัวไชเท้า
85,50,59,25.5,85.3,คะน้า
41,29,52,22.6,60.0,กระเทียม
83,47,67,21.2,74.5,กะหล่ำปลี
82,46,64,25.6,69.9,คะน้า
71,50,67,26.4,62.8,มะเขือเทศ
49,37,60,28.2,63.6,ฟักทอง
90,53,58,27.7,74.8,ข้าวโพดหวาน
80,45,76,22.2,71.1,กะหล่ำปลี
58,37,52,29.5,71.2,กวางตุ้ง
52,26,39,31.1,79.8,ผักบุ้งจีน
43,24,46,21.4,62.2,กระเทียม
36,16,22,31.3,58.3,กะเพรา
55,36,52,17.6,61.0,หัวไชเท้า
37,34,38,23.3,62.4,ผักชี
46,27,45,23.7,61.2,กระเทียม
49,36,63,30.1,67.0,ฟักทอง
54,42,47,28.5,67.4,แตงกวา
74,45,55,25.2,75.4,คะน้า
61,39,53,29.9,81.1,กวางตุ้ง
73,48,72,26.1,65.3,มะเขือเทศ
71,53,61,24.0,70.9,มะเขือเทศ
39,42,39,24.9,65.4,ผักชี
84,42,66,25.2,83.7,คะน้า
49,38,47,18.7,65.7,หัวไชเท้า
42,34,34,24.5,64.2,ผักชี
26,33,29,30.4,55.6,ถั่วฝักยาว
50,25,42,31.8,85.6,ผักบุ้งจีน
47,34,49,30.6,76.4,ผักบุ้งจีน
15,15,25,27.4,53.4,พริกขี้หนู
61,42,48,25.4,72.7,กวางตุ้ง
23,35,28,28.5,55.6,ถั่วฝักยาว
58,34,50,19.3,60.2,หัวไชเท้า
49,33,51,21.0,59.8,กระเทียม
29,24,34,32.3,62.9,กะเพรา
55,30,56,27.9,65.3,ฟักทอง
34,35,39,24.0,67.7,ผักชี
61,33,45,18.6,62.0,หัวไชเท้า
33,20,28,32.1,59.8,กะเพรา
56,34,35,24.5,63.9,กรีนโอ๊ค
44,34,60,26.4,59.8,ฟักทอง
48,40,45,22.6,65.1,กรีนโอ๊ค
55,38,49,18.8,59.4,หัวไชเท้า
94,49,72,19.2,73.5,กะหล่ำปลี
58,37,51,31.0,68.3,กวางตุ้ง
20,11,16,28.3,51.0,พริกขี้หนู
24,39,32,27.9,56.5,ถั่วฝักยาว
78,52,67,24.4,61.1,มะเขือเทศ
73,49,63,25.7,74.9,มะเขือเทศ
72,51,58,25.5,74.8,มะเขือเทศ
46,26,54,22.1,56.7,กระเทียม
59,37,40,29.6,74.6,กวางตุ้ง
80,46,58,24.8,76.5,คะน้า
82,54,69,20.4,69.5,กะหล่ำปลี
38,24,23,32.9,55.1,กะเพรา
44,35,62,29.2,60.1,ฟักทอง
73,49,67,23.5,70.0,กะหล่ำปลี
58,39,46,27.9,66.8,แตงกวา
58,44,47,28.8,79.6,แตงกวา
58,42,57,25.2,67.1,ฟักทอง
41,23,32,29.2,62.1,กะเพรา
82,38,59,27.2,81.0,คะน้า
80,38,58,29.0,79.3,คะน้า
55,25,44,31.0,74.6,ผักบุ้งจีน
87,53,58,27.7,75.2,ข้าวโพดหวาน
66,53,65,24.5,71.0,มะเขือเทศ
54,37,38,21.6,64.5,หัวไชเท้า
52,35,40,23.2,67.1,กรีนโอ๊ค
18,18,16,28.3,54.1,พริกขี้หนู
52,38,49,28.2,73.8,แตงกวา
36,33,30,24.1,63.0,ผักชี
42,35,39,25.2,60.1,ผักชี
52,34,56,27.7,64.9,ฟักทอง
54,34,49,22.3,67.5,กรีนโอ๊ค
79,49,77,23.5,74.0,กะหล่ำปลี
30,24,37,32.9,62.7,กะเพรา
34,32,34,29.5,58.0,ถั่วฝักยาว
77,42,63,25.4,83.6,คะน้า
44,30,55,23.4,61.9,กระเทียม
47,29,49,21.0,63.2,กระเทียม
88,52,68,21.4,70.2,กะหล่ำปลี
42,36,35,30.7,77.0,ผักบุ้งจีน
43,32,45,21.4,62.1,กระเทียม
60,40,50,28.8,71.2,กวางตุ้ง
51,38,56,28.2,72.4,แตงกวา
92,53,61,27.2,72.7,ข้าวโพดหวาน
71,48,70,24.7,61.5,มะเขือเทศ
80,45,59,27.5,80.4,คะน้า
41,30,40,23.2,67.5,ผักชี
51,32,63,27.7,61.3,ฟักทอง
54,36,46,27.4,71.5,แตงกวา
44,32,29,23.5,66.5,ผักชี
83,54,76,19.1,75.8,กะหล่ำปลี
12,13,23,30.5,56.2,พริกขี้หนู
52,33,46,21.2,68.7,กรีนโอ๊ค
61,37,47,29.7,70.8,กวางตุ้ง
21,33,36,27.3,53.3,ถั่วฝักยาว
29,21,40,33.6,57.9,กะเพรา
16,17,18,30.4,55.6,พริกขี้หนู
37,33,35,23.6,67.4,ผักชี
62,37,52,19.9,68.1,หัวไชเท้า
59,42,57,28.3,68.6,กวางตุ้ง
51,30,43,33.0,81.6,ผักบุ้งจีน
48,35,55,28.9,61.5,ฟักทอง
50,31,33,22.5,68.3,ผักชี
72,47,57,27.8,78.1,คะน้า
43,31,37,24.7,58.3,ผักชี
39,29,46,21.2,67.0,กระเทียม
58,35,44,17.5,59.6,หัวไชเท้า
55,39,47,27.4,76.6,แตงกวา
49,37,56,26.9,64.1,ฟักทอง
84,46,61,29.1,78.0,คะน้า
46,37,35,23.7,65.3,ผักชี
53,40,58,28.5,61.6,ฟักทอง
52,33,38,30.0,74.3,ผักบุ้งจีน
50,36,54,28.5,66.9,ฟักทอง
40,25,50,22.2,66.7,กระเทียม
77,51,63,24.4,70.2,มะเขือเทศ
47,33,44,20.7,61.0,กระเทียม
31,31,30,31.3,61.4,กะเพรา
78,50,61,23.8,68.9,มะเขือเทศ
53,27,45,29.3,80.1,ผักบุ้งจีน
45,33,49,22.0,59.9,กระเทียม
51,35,49,22.3,67.4,กรีนโอ๊ค
49,33,44,23.6,57.4,กรีนโอ๊ค
49,36,56,30.6,63.1,ฟักทอง
82,37,68,27.4,75.3,คะน้า
53,30,51,23.9,59.5,กระเทียม
39,35,38,24.6,64.3,ผักชี
29,26,33,29.6,56.5,ถั่วฝักยาว
56,35,46,28.0,69.7,แตงกวา
58,33,41,20.0,61.2,หัวไชเท้า
46,30,49,20.9,66.3,กระเทียม
53,40,45,19.0,64.3,หัวไชเท้า
56,32,48,29.8,78.9,กวางตุ้ง
49,29,66,26.8,61.7,ฟักทอง
54,31,47,18.9,60.4,หัวไชเท้า
50,33,57,29.0,68.4,ฟักทอง
57,45,53,28.1,70.7,แตงกวา
49,39,48,21.9,64.7,กรีนโอ๊ค
39,33,40,23.2,61.4,ผักชี
55,34,48,20.1,65.8,หัวไชเท้า
54,40,47,28.5,72.3,แตงกวา
51,32,42,32.3,76.1,ผักบุ้งจีน
85,53,66,21.2,72.2,กะหล่ำปลี
38,23,33,28.3,55.5,กะเพรา
84,49,70,21.7,63.5,กะหล่ำปลี
77,56,57,29.3,73.4,ข้าวโพดหวาน
75,51,60,23.1,70.2,มะเขือเทศ
36,37,39,25.0,65.9,ผักชี
27,31,29,28.1,60.3,ถั่วฝักยาว
53,37,56,28.2,71.1,กวางตุ้ง
80,53,60,26.2,65.7,มะเขือเทศ
50,33,44,19.7,68.2,หัวไชเท้า
91,55,56,26.3,67.6,ข้าวโพดหวาน
87,49,64,22.4,68.2,กะหล่ำปลี
55,37,55,21.8,64.0,หัวไชเท้า
19,34,32,29.1,59.7,ถั่วฝักยาว
18,13,28,28.7,54.6,พริกขี้หนู
52,34,46,20.1,65.3,หัวไชเท้า
87,51,58,27.0,72.0,ข้าวโพดหวาน
21,14,21,28.7,54.3,พริกขี้หนู
37,27,26,32.3,56.7,กะเพรา
92,57,65,26.8,72.6,ข้าวโพดหวาน
84,53,76,23.1,68.3,กะหล่ำปลี
46,35,59,28.6,62.0,ฟักทอง
39,35,41,24.0,66.0,ผักชี
68,51,66,25.1,67.2,มะเขือเทศ
45,32,52,27.0,67.8,ฟักทอง
86,47,72,22.4,67.6,กะหล่ำปลี
41,28,51,22.8,63.8,กระเทียม
43,34,39,30.5,74.5,ผักบุ้งจีน
47,33,40,21.9,66.5,กรีนโอ๊ค
97,53,56,29.4,68.3,ข้าวโพดหวาน
85,57,73,21.2,69.1,กะหล่ำปลี
37,27,31,35.0,54.4,กะเพรา
73,46,61,21.7,72.8,กะหล่ำปลี
54,38,49,28.0,69.6,กวางตุ้ง
57,31,51,21.1,59.8,หัวไชเท้า
91,60,65,27.7,73.7,ข้าวโพดหวาน
78,44,61,28.1,78.0,คะน้า
23,16,28,31.6,52.3,พริกขี้หนู
88,52,64,22.3,73.3,กะหล่ำปลี
46,35,37,25.7,66.6,ผักชี
85,46,70,21.8,74.5,กะหล่ำปลี
40,25,45,22.4,60.2,กระเทียม
50,36,52,28.6,75.2,แตงกวา
50,35,38,19.3,69.9,หัวไชเท้า
23,33,29,28.6,58.4,ถั่วฝักยาว
58,40,56,29.6,71.1,กวางตุ้ง
57,41,37,29.4,66.2,แตงกวา
64,38,53,28.9,78.4,กวางตุ้ง
47,36,45,21.4,66.4,กรีนโอ๊ค
57,34,49,21.6,65.3,หัวไชเท้า
79,46,60,26.9,73.5,คะน้า
81,51,68,23.5,77.1,กะหล่ำปลี
57,37,43,22.9,62.1,กรีนโอ๊ค
51,31,49,22.2,55.7,กระเทียม
50,38,53,23.9,66.0,กรีนโอ๊ค
44,30,43,24.7,65.2,กรีนโอ๊ค
51,28,37,31.7,81.6,ผักบุ้งจีน
53,35,46,21.2,66.0,หัวไชเท้า
50,48,48,26.3,69.1,แตงกวา
39,29,59,22.6,65.9,กระเทียม
70,50,67,23.6,71.9,มะเขือเทศ
81,45,52,29.4,82.5,คะน้า
48,33,51,20.7,67.3,กรีนโอ๊ค
39,35,54,21.4,57.2,กระเทียม
87,60,55,26.7,70.8,ข้าวโพดหวาน
24,33,30,28.6,57.9,ถั่วฝักยาว
48,23,33,32.6,83.8,ผักบุ้งจีน
48,21,39,30.7,80.4,ผักบุ้งจีน
81,56,63,28.5,69.8,ข้าวโพดหวาน
45,39,54,28.5,72.1,แตงกวา
54,32,45,21.0,68.2,หัวไชเท้า
52,33,56,29.4,64.4,ฟักทอง
44,34,45,24.2,65.4,กรีนโอ๊ค
80,49,66,21.2,76.7,กะหล่ำปลี
41,29,43,22.2,53.5,กระเทียม
51,37,50,19.9,69.1,หัวไชเท้า
51,42,51,28.9,69.2,แตงกวา
73,53,65,23.8,74.5,มะเขือเทศ
51,32,62,27.3,67.6,ฟักทอง
54,39,46,19.1,62.0,หัวไชเท้า
84,53,68,22.6,76.2,กะหล่ำปลี
74,50,63,25.3,65.9,มะเขือเทศ
50,36,65,29.5,66.8,ฟักทอง
51,36,41,22.3,59.2,กรีนโอ๊ค
95,50,65,27.7,68.0,ข้าวโพดหวาน
76,47,69,25.3,70.1,มะเขือเทศ
19,21,23,31.6,55.1,พริกขี้หนู
61,41,49,30.0,75.8,กวางตุ้ง
64,51,66,25.0,71.1,มะเขือเทศ
38,35,24,27.8,60.2,ถั่วฝักยาว
59,43,49,29.8,70.7,แตงกวา
40,24,24,32.5,60.6,กะเพรา
51,39,57,29.1,76.1,แตงกวา
44,34,34,23.5,63.1,ผักชี
48,33,61,27.9,62.4,ฟักทอง
89,47,73,23.3,70.4,กะหล่ำปลี
39,34,34,25.2,66.5,ผักชี
17,32,24,27.9,59.6,ถั่วฝักยาว
57,35,53,30.1,72.4,แตงกวา
59,42,45,26.6,74.9,กวางตุ้ง
40,28,40,23.4,65.2,ผักชี
49,37,59,28.0,65.9,ฟักทอง
56,39,46,29.6,75.6,กวางตุ้ง
74,49,67,26.8,71.9,มะเขือเทศ
52,29,57,27.8,60.9,ฟักทอง
16,8,21,27.7,55.5,พริกขี้หนู
48,30,52,17.0,62.7,หัวไชเท้า
48,34,71,29.3,69.0,ฟักทอง
38,25,29,30.1,64.8,กะเพรา
21,32,28,29.3,56.8,ถั่วฝักยาว
34,26,30,32.8,59.7,กะเพรา
26,38,31,29.5,60.5,ถั่วฝักยาว
24,38,31,28.5,57.5,ถั่วฝักยาว
21,13,21,29.7,56.5,พริกขี้หนู
42,30,50,24.1,66.4,กระเทียม
72,49,67,24.2,66.0,มะเขือเทศ
77,50,58,21.2,75.2,กะหล่ำปลี
54,39,49,29.5,68.8,แตงกวา
73,42,65,28.1,77.8,คะน้า
73,48,57,23.8,65.3,มะเขือเทศ
42,32,43,22.7,55.2,กระเทียม
84,50,70,22.6,73.4,กะหล่ำปลี
34,22,35,32.6,55.9,กะเพรา
54,33,54,29.4,65.5,ฟักทอง
90,55,52,27.6,69.6,ข้าวโพดหวาน
38,31,34,24.4,62.7,ผักชี
52,43,53,29.4,69.7,แตงกวา
48,29,51,24.0,63.7,กระเทียม
47,36,30,23.7,66.1,ผักชี
67,49,61,25.1,73.0,มะเขือเทศ
28,35,29,27.7,53.3,ถั่วฝักยาว
92,56,58,29.2,72.2,ข้าวโพดหวาน
87,47,62,27.3,77.1,คะน้า
34,21,35,30.8,51.6,กะเพรา
68,49,61,24.4,64.2,มะเขือเทศ
48,41,47,28.0,78.1,แตงกวา
36,35,27,29.0,57.1,ถั่วฝักยาว
51,40,49,29.9,66.5,แตงกวา
56,32,52,20.3,63.8,หัวไชเท้า
21,15,18,27.0,53.6,พริกขี้หนู
44,33,52,22.1,59.1,กระเทียม
50,30,39,31.2,77.5,ผักบุ้งจีน
49,35,50,24.1,69.3,กรีนโอ๊ค
50,31,47,32.1,76.0,ผักบุ้งจีน
42,34,47,23.4,62.5,กรีนโอ๊ค
91,54,57,28.8,74.9,ข้าวโพดหวาน
75,52,67,24.8,70.7,มะเขือเทศ
59,33,53,21.1,68.3,หัวไชเท้า
74,46,52,27.1,84.6,คะน้า
34,21,38,30.9,58.6,กะเพรา
53,39,66,29.2,68.4,ฟักทอง
73,47,60,28.3,67.1,มะเขือเทศ
59,38,46,28.6,68.6,แตงกวา
54,46,55,28.5,63.0,ฟักทอง
54,30,46,20.7,62.6,หัวไชเท้า
31,30,37,31.8,58.0,กะเพรา
67,48,66,24.4,66.9,มะเขือเทศ
91,56,66,29.3,69.1,ข้าวโพดหวาน
46,39,47,24.3,66.3,กรีนโอ๊ค
40,23,27,29.4,64.1,กะเพรา
31,31,29,28.6,54.6,ถั่วฝักยาว
44,32,51,21.9,55.1,กระเทียม
55,32,44,21.0,67.1,หัวไชเท้า
48,27,39,21.9,68.8,กรีนโอ๊ค
65,38,49,26.5,69.2,กวางตุ้ง
76,48,68,24.3,72.9,มะเขือเทศ
59,37,47,29.5,73.9,กวางตุ้ง
44,35,59,27.7,63.6,ฟักทอง
47,30,53,28.4,68.3,ฟักทอง
58,45,49,28.0,72.4,แตงกวา
10,13,12,27.9,41.0,พริกขี้หนู
37,34,31,24.5,68.9,ผักชี
41,27,47,23.9,59.4,กระเทียม
74,50,60,25.7,65.9,มะเขือเทศ
90,54,60,26.2,74.3,ข้าวโพดหวาน
52,37,57,27.8,69.7,ฟักทอง
46,27,44,21.7,59.6,กระเทียม
43,34,62,29.5,63.1,ฟักทอง
55,38,48,29.1,72.1,แตงกวา
37,28,48,22.9,60.1,กระเทียม
39,29,35,31.8,51.1,กะเพรา
59,44,47,27.5,70.3,กวางตุ้ง
30,18,24,29.5,52.6,พริกขี้หนู
54,37,50,21.5,59.7,หัวไชเท้า
82,47,72,23.8,68.8,มะเขือเทศ
99,56,61,28.4,73.5,ข้าวโพดหวาน
57,36,50,29.7,71.3,แตงกวา
21,16,21,31.0,52.8,พริกขี้หนู
70,52,59,24.6,69.6,มะเขือเทศ
47,32,39,30.1,79.9,ผักบุ้งจีน
51,34,63,29.0,67.1,ฟักทอง
77,50,69,26.5,69.1,มะเขือเทศ
75,44,56,26.5,76.6,คะน้า
41,37,36,24.8,64.8,ผักชี
50,41,47,27.1,75.4,แตงกวา
76,46,61,24.7,64.3,มะเขือเทศ
85,56,60,27.8,78.4,ข้าวโพดหวาน
48,33,35,31.7,80.1,ผักบุ้งจีน
68,51,67,22.5,70.8,มะเขือเทศ
74,49,65,24.5,66.5,มะเขือเทศ
15,17,23,27.6,54.5,พริกขี้หนู
55,41,58,28.5,69.5,กวางตุ้ง
87,42,58,27.3,80.3,คะน้า
51,35,48,30.5,70.2,แตงกวา
50,35,60,28.1,66.2,ฟักทอง
62,38,48,27.4,71.9,กวางตุ้ง
50,42,48,26.0,74.3,แตงกวา
51,36,43,30.6,82.2,ผักบุ้งจีน
63,36,53,28.7,73.9,กวางตุ้ง
54,33,42,29.6,83.7,ผักบุ้งจีน
82,42,58,28.4,81.1,คะน้า
50,35,49,21.3,67.1,หัวไชเท้า
86,49,64,29.2,67.5,ข้าวโพดหวาน
31,37,36,23.1,71.6,ผักชี
34,30,29,32.8,58.1,กะเพรา
50,39,41,29.4,73.6,แตงกวา
50,29,62,30.3,60.6,ฟักทอง
52,34,47,22.6,67.3,กรีนโอ๊ค
59,29,52,20.0,72.4,หัวไชเท้า
23,23,27,30.3,58.4,กะเพรา
83,45,81,21.8,72.4,กะหล่ำปลี
40,27,38,32.2,57.5,กะเพรา
97,55,61,27.7,71.0,ข้าวโพดหวาน
73,49,57,27.6,72.5,คะน้า
55,27,47,31.0,73.0,ผักบุ้งจีน
37,24,28,31.8,59.7,กะเพรา
16,29,33,27.8,54.5,ถั่วฝักยาว
35,34,30,24.6,66.0,ผักชี
72,51,64,24.9,72.6,มะเขือเทศ
23,36,26,29.2,57.1,ถั่วฝักยาว
19,16,26,29.3,50.0,พริกขี้หนู
98,55,52,27.4,72.3,ข้าวโพดหวาน
50,28,36,32.0,75.0,ผักบุ้งจีน
76,42,64,27.9,77.9,คะน้า
76,51,60,25.2,60.4,มะเขือเทศ
47,26,41,29.9,73.1,ผักบุ้งจีน
50,31,45,32.2,85.5,ผักบุ้งจีน
14,13,24,30.4,51.4,พริกขี้หนู
62,41,50,28.5,69.7,กวางตุ้ง
46,33,49,22.1,66.9,กรีนโอ๊ค
50,26,41,30.3,77.0,ผักบุ้งจีน
36,23,29,28.5,57.2,กะเพรา
40,34,40,24.5,69.6,ผักชี
28,37,25,29.1,54.9,ถั่วฝักยาว
48,34,39,31.2,77.4,ผักบุ้งจีน
38,30,34,23.8,66.9,ผักชี
27,30,38,27.0,61.6,ถั่วฝักยาว
45,27,37,32.1,77.0,ผักบุ้งจีน
80,54,59,29.5,72.2,ข้าวโพดหวาน
51,33,57,25.7,67.1,ฟักทอง
41,34,33,26.2,69.1,ผักชี
43,29,62,25.7,61.6,ฟักทอง
21,13,17,27.2,55.2,พริกขี้หนู
49,34,62,29.3,61.0,ฟักทอง
57,32,45,23.1,68.5,กรีนโอ๊ค
89,55,59,29.0,69.7,ข้าวโพดหวาน
44,33,44,24.3,57.4,กรีนโอ๊ค
22,35,32,27.1,62.4,ถั่วฝักยาว
24,33,27,26.7,61.5,ถั่วฝักยาว
24,12,23,29.8,58.5,พริกขี้หนู
19,11,20,27.0,52.3,พริกขี้หนู
48,31,56,21.6,56.5,กระเทียม
53,43,49,27.8,79.6,แตงกวา
94,51,64,30.5,74.7,ข้าวโพดหวาน
44,33,62,25.2,70.6,ฟักทอง
33,29,29,33.3,57.9,กะเพรา
51,35,43,24.9,66.3,กรีนโอ๊ค
67,42,62,24.8,72.6,มะเขือเทศ
45,34,58,27.3,63.1,ฟักทอง
51,36,48,30.9,74.3,แตงกวา
74,55,59,23.7,74.0,มะเขือเทศ
58,33,44,21.7,68.3,กรีนโอ๊ค
11,12,19,29.6,54.7,พริกขี้หนู
52,40,46,20.6,67.9,กรีนโอ๊ค
36,23,29,31.5,55.2,กะเพรา
91,57,63,26.8,73.5,ข้าวโพดหวาน
18,19,19,28.1,48.9,พริกขี้หนู
55,36,56,19.4,67.0,หัวไชเท้า
31,37,32,27.9,60.6,ถั่วฝักยาว
28,35,30,26.7,56.1,ถั่วฝักยาว
88,57,61,27.6,72.8,ข้าวโพดหวาน
53,35,49,19.3,69.2,หัวไชเท้า
75,44,58,25.5,79.4,คะน้า
52,34,56,27.1,66.0,ฟักทอง
31,24,28,31.0,60.2,กะเพรา
50,29,44,31.3,79.2,ผักบุ้งจีน
48,39,53,29.7,72.2,แตงกวา
49,41,55,29.5,65.2,ฟักทอง
37,43,31,22.9,63.0,ผักชี
56,40,49,21.2,65.8,หัวไชเท้า
40,36,34,29.0,81.6,ผักบุ้งจีน
49,27,40,30.2,81.4,ผักบุ้งจีน
55,38,56,19.6,59.2,หัวไชเท้า
25,12,17,31.5,55.4,พริกขี้หนู
75,47,65,23.5,64.7,มะเขือเทศ
81,44,69,19.8,71.4,กะหล่ำปลี
53,38,46,22.3,68.8,กรีนโอ๊ค
43,36,47,29.3,73.0,แตงกวา
62,39,48,29.4,73.2,กวางตุ้ง
91,53,56,30.0,80.4,ข้าวโพดหวาน
47,27,39,31.1,81.8,ผักบุ้งจีน
56,36,48,23.0,64.5,กรีนโอ๊ค
54,42,53,29.1,69.9,แตงกวา
33,27,29,30.2,56.6,กะเพรา
50,28,40,20.9,62.8,หัวไชเท้า
75,49,60,25.5,69.9,มะเขือเทศ
54,34,49,20.3,61.6,หัวไชเท้า
50,32,63,28.2,68.3,ฟักทอง
77,52,68,24.8,67.5,มะเขือเทศ
64,43,49,28.4,66.6,กวางตุ้ง
14,18,17,28.5,48.1,พริกขี้หนู
31,21,26,29.9,62.7,กะเพรา
82,51,66,21.6,67.8,กะหล่ำปลี
47,31,60,29.7,63.6,ฟักทอง
58,37,40,19.8,69.8,หัวไชเท้า
44,39,64,28.3,65.1,ฟักทอง
52,36,57,21.7,67.0,หัวไชเท้า
49,33,43,23.1,61.3,กรีนโอ๊ค
49,42,53,17.9,64.2,หัวไชเท้า
24,15,12,28.6,53.6,พริกขี้หนู
29,38,34,27.7,57.4,ถั่วฝักยาว
87,55,64,26.9,67.3,ข้าวโพดหวาน
37,35,37,21.4,65.0,ผักชี
20,9,11,28.3,55.7,พริกขี้หนู
41,37,36,24.5,59.5,ผักชี
49,32,37,23.4,62.0,ผักชี
77,44,55,24.0,78.7,คะน้า
38,25,26,30.7,56.1,กะเพรา
91,54,66,26.4,75.6,ข้าวโพดหวาน
58,34,61,29.1,68.2,ฟักทอง
87,56,56,27.3,64.7,ข้าวโพดหวาน
59,40,49,27.7,72.6,กวางตุ้ง
43,29,45,23.2,57.2,กระเทียม
85,52,64,21.3,74.5,กะหล่ำปลี
53,43,47,30.1,78.3,แตงกวา
56,27,38,32.0,73.7,ผักบุ้งจีน
66,38,43,27.2,76.3,กวางตุ้ง
56,44,52,28.0,70.3,กวางตุ้ง
76,42,63,25.1,75.8,คะน้า
51,30,37,31.1,76.7,ผักบุ้งจีน
78,47,69,26.3,72.6,คะน้า
55,39,47,26.3,71.7,กวางตุ้ง
91,55,60,29.2,67.8,ข้าวโพดหวาน
55,29,48,21.4,61.3,กระเทียม
43,20,27,31.3,59.5,กะเพรา
74,51,62,25.3,70.7,มะเขือเทศ
78,43,61,26.6,77.5,คะน้า
77,50,66,25.2,72.2,มะเขือเทศ
36,22,28,32.1,59.8,กะเพรา
88,57,64,29.2,72.4,ข้าวโพดหวาน
39,33,28,25.0,66.5,ผักชี
61,39,46,28.9,67.9,กวางตุ้ง
52,37,63,28.3,66.5,ฟักทอง
52,23,40,30.2,81.0,ผักบุ้งจีน
85,58,57,28.2,73.0,ข้าวโพดหวาน
52,25,39,29.5,75.7,ผักบุ้งจีน
57,40,53,32.1,78.0,แตงกวา
43,35,37,21.7,66.1,ผักชี
53,41,41,28.9,66.1,แตงกวา
52,39,45,28.4,68.0,แตงกวา
38,40,31,23.3,63.4,ผักชี
51,35,50,21.0,66.9,หัวไชเท้า
55,41,48,28.4,69.9,แตงกวา
88,51,59,27.0,74.1,ข้าวโพดหวาน
88,51,65,21.0,72.5,กะหล่ำปลี
74,48,64,25.4,67.4,มะเขือเทศ
18,18,20,29.1,54.7,พริกขี้หนู
43,31,24,23.7,64.5,ผักชี
70,54,62,23.5,66.5,มะเขือเทศ
52,37,59,28.3,63.5,ฟักทอง
89,49,72,20.2,66.8,กะหล่ำปลี
55,40,56,29.5,62.5,แตงกวา
62,37,50,29.0,77.1,กวางตุ้ง
54,37,47,27.7,73.3,แตงกวา
23,35,32,27.2,58.9,ถั่วฝักยาว
48,36,49,21.5,69.1,หัวไชเท้า
98,53,56,27.1,75.7,ข้าวโพดหวาน
22,26,30,29.5,59.1,กะเพรา
17,34,25,29.3,58.1,ถั่วฝักยาว
69,47,60,26.7,85.2,คะน้า
84,40,48,26.5,79.9,คะน้า
41,27,28,33.0,57.1,กะเพรา
64,37,49,19.6,64.3,หัวไชเท้า
42,29,51,24.1,60.7,กระเทียม
82,49,74,22.0,69.3,กะหล่ำปลี
58,36,47,18.7,66.8,หัวไชเท้า
46,28,42,31.7,77.9,ผักบุ้งจีน
74,50,66,24.0,70.4,มะเขือเทศ
79,45,51,27.5,74.6,คะน้า
57,30,37,31.3,77.6,ผักบุ้งจีน
83,40,66,27.7,82.9,คะน้า
51,31,64,28.6,59.4,ฟักทอง
69,50,64,26.0,67.6,มะเขือเทศ
88,50,63,21.9,74.4,กะหล่ำปลี
45,31,44,31.9,81.5,ผักบุ้งจีน
19,13,24,27.7,53.2,พริกขี้หนู
46,32,63,26.7,63.9,ฟักทอง
56,39,46,29.8,72.1,กวางตุ้ง
86,42,64,24.4,73.8,คะน้า
51,39,36,24.0,59.6,กรีนโอ๊ค
80,46,71,25.3,68.0,มะเขือเทศ
47,24,45,21.8,60.5,กระเทียม
71,52,68,25.7,73.3,มะเขือเทศ
56,39,60,27.4,69.8,ฟักทอง
91,57,55,27.2,74.6,ข้าวโพดหวาน
84,50,65,19.9,73.6,กะหล่ำปลี
74,40,55,27.2,74.9,คะน้า
53,38,50,29.5,75.0,แตงกวา
78,53,58,24.3,70.9,มะเขือเทศ
52,33,43,31.8,76.9,ผักบุ้งจีน
60,40,46,28.1,74.1,แตงกวา
52,28,39,33.6,84.0,ผักบุ้งจีน
38,30,28,30.0,56.2,กะเพรา
61,44,53,29.1,72.1,แตงกวา
22,36,26,28.8,58.8,ถั่วฝักยาว
46,30,40,30.4,76.4,ผักบุ้งจีน
50,26,57,20.6,57.7,กระเทียม
70,43,69,24.5,68.6,มะเขือเทศ
49,37,48,22.2,63.9,กรีนโอ๊ค
94,54,60,30.0,68.4,ข้าวโพดหวาน
62,38,56,18.7,67.1,หัวไชเท้า
46,37,46,23.5,67.7,กรีนโอ๊ค
59,38,49,29.8,78.3,แตงกวา
52,29,38,31.9,79.6,ผักบุ้งจีน
83,56,56,26.5,69.1,ข้าวโพดหวาน
85,49,72,25.7,78.9,คะน้า
51,38,43,29.7,71.7,แตงกวา
56,38,54,28.8,69.2,แตงกวา
51,36,56,29.6,64.0,ฟักทอง
86,55,69,22.8,77.8,กะหล่ำปลี
82,43,61,26.7,78.0,คะน้า
64,40,50,28.1,77.5,กวางตุ้ง
38,37,30,23.1,65.2,ผักชี
55,36,66,29.5,61.9,ฟักทอง
85,48,73,20.2,73.4,กะหล่ำปลี
47,35,47,24.8,68.2,กรีนโอ๊ค
55,34,37,30.5,77.0,ผักบุ้งจีน
48,29,37,29.8,75.7,ผักบุ้งจีน
42,21,36,31.4,59.0,กะเพรา
75,47,59,25.9,73.3,มะเขือเทศ
57,42,42,29.6,67.8,กวางตุ้ง
31,32,30,29.2,63.3,ถั่วฝักยาว
88,55,63,29.1,71.2,ข้าวโพดหวาน
34,23,33,30.8,57.3,กะเพรา
96,60,59,27.6,74.1,ข้าวโพดหวาน
52,38,44,26.3,68.1,แตงกวา
42,26,26,32.8,58.7,กะเพรา
88,56,63,28.5,69.1,ข้าวโพดหวาน
87,49,51,29.6,71.8,ข้าวโพดหวาน
72,43,59,26.5,73.9,คะน้า
45,34,41,21.3,68.0,กรีนโอ๊ค
56,43,41,27.6,70.0,แตงกวา
63,39,48,28.7,69.1,กวางตุ้ง
54,43,55,28.2,72.6,แตงกวา
58,38,55,28.0,73.3,กวางตุ้ง
94,55,63,28.9,73.9,ข้าวโพดหวาน
54,40,53,20.3,64.1,หัวไชเท้า
81,51,76,21.5,73.5,กะหล่ำปลี
92,53,62,28.6,67.2,ข้าวโพดหวาน
46,32,36,24.6,57.2,กรีนโอ๊ค
89,54,56,28.3,79.9,ข้าวโพดหวาน
48,34,43,21.6,63.6,กระเทียม
20,35,32,29.6,63.5,ถั่วฝักยาว
78,49,64,23.7,67.0,มะเขือเทศ
76,46,56,27.1,73.6,คะน้า
83,53,72,21.8,72.0,กะหล่ำปลี
61,38,51,28.1,74.2,กวางตุ้ง
48,24,39,29.8,74.1,ผักบุ้งจีน
40,39,28,22.4,57.4,ผักชี
70,50,58,26.3,68.2,มะเขือเทศ
48,28,38,30.5,78.6,ผักบุ้งจีน
57,29,44,22.6,68.3,กรีนโอ๊ค
77,46,65,25.7,76.7,คะน้า
53,38,51,28.3,69.9,แตงกวา
66,35,48,28.0,74.1,กวางตุ้ง
87,43,60,27.5,78.5,คะน้า
45,30,36,31.3,72.6,ผักบุ้งจีน
54,38,47,28.9,71.7,แตงกวา
26,20,31,27.9,61.9,พริกขี้หนู
81,52,66,20.7,74.7,กะหล่ำปลี
59,46,44,26.7,71.1,แตงกวา
39,37,45,22.9,65.1,กรีนโอ๊ค
79,50,61,26.4,68.7,มะเขือเทศ
78,54,67,24.9,72.8,มะเขือเทศ
58,39,53,28.0,66.4,กวางตุ้ง
81,48,56,27.4,77.6,คะน้า
60,41,57,26.6,77.7,กวางตุ้ง
30,22,24,30.4,63.0,กะเพรา
88,48,67,25.5,78.2,คะน้า
55,34,48,20.4,65.7,หัวไชเท้า
44,32,48,32.2,72.7,ผักบุ้งจีน
81,48,63,25.6,73.7,มะเขือเทศ
78,49,67,24.5,70.9,มะเขือเทศ
50,37,53,20.0,60.7,หัวไชเท้า
88,54,73,22.7,70.0,กะหล่ำปลี
83,49,68,20.5,74.5,กะหล่ำปลี
41,31,29,21.5,67.5,ผักชี
52,26,33,32.5,79.2,ผักบุ้งจีน
49,35,45,24.5,66.1,กรีนโอ๊ค
57,34,41,21.1,62.9,หัวไชเท้า
95,56,62,28.9,69.9,ข้าวโพดหวาน
53,35,54,17.2,63.2,หัวไชเท้า
85,53,67,20.1,73.1,กะหล่ำปลี
87,46,74,23.1,68.9,กะหล่ำปลี
32,23,28,31.9,59.6,กะเพรา
89,54,54,27.5,71.7,ข้าวโพดหวาน
70,54,57,24.2,67.7,มะเขือเทศ
20,14,30,27.4,45.0,พริกขี้หนู
99,52,58,27.9,69.6,ข้าวโพดหวาน
72,49,62,25.1,72.2,มะเขือเทศ
65,38,44,28.0,72.9,กวางตุ้ง
57,36,49,27.5,71.8,กวางตุ้ง
94,57,62,28.7,69.8,ข้าวโพดหวาน
60,40,55,26.9,61.4,กวางตุ้ง
52,42,45,28.8,79.3,กวางตุ้ง
52,36,53,20.4,71.1,หัวไชเท้า
54,31,47,16.2,63.3,หัวไชเท้า
58,41,48,30.9,77.4,แตงกวา
31,20,22,28.1,51.6,พริกขี้หนู
42,27,53,22.4,55.9,กระเทียม
80,43,60,28.9,80.4,คะน้า
54,30,43,18.8,71.4,หัวไชเท้า
87,52,66,30.4,74.6,ข้าวโพดหวาน
32,21,39,33.7,53.9,กะเพรา
49,33,43,32.0,82.6,ผักบุ้งจีน
50,31,42,22.3,68.0,กรีนโอ๊ค
83,44,63,26.6,77.8,คะน้า
42,30,52,24.9,60.4,กระเทียม
49,31,46,21.3,67.0,หัวไชเท้า
34,28,25,32.2,61.9,กะเพรา
51,37,39,31.2,81.7,ผักบุ้งจีน
54,41,45,29.7,73.7,แตงกวา
81,51,72,24.4,75.9,กะหล่ำปลี
53,43,54,27.2,70.6,กวางตุ้ง
66,45,67,25.0,70.1,มะเขือเทศ
58,29,52,19.2,62.4,หัวไชเท้า
86,50,66,22.9,73.8,กะหล่ำปลี
43,26,57,20.4,59.6,กระเทียม
57,34,50,21.1,68.3,หัวไชเท้า
58,33,43,23.2,71.1,กรีนโอ๊ค
50,32,48,23.8,70.9,กรีนโอ๊ค
71,46,57,29.3,75.3,คะน้า
97,55,61,27.2,68.7,ข้าวโพดหวาน
47,28,44,31.4,71.8,ผักบุ้งจีน
24,35,35,28.5,61.3,ถั่วฝักยาว
73,50,65,25.0,65.4,มะเขือเทศ
71,44,67,25.4,64.5,มะเขือเทศ
81,49,63,25.7,82.8,คะน้า
50,36,41,31.2,76.9,ผักบุ้งจีน
94,51,50,26.3,60.6,ข้าวโพดหวาน
20,9,18,29.5,50.2,พริกขี้หนู
58,41,49,29.9,71.8,กวางตุ้ง
56,33,47,20.7,58.9,หัวไชเท้า
53,32,58,27.2,63.8,ฟักทอง
19,15,18,29.9,54.7,พริกขี้หนู
94,53,59,28.6,73.9,ข้าวโพดหวาน
38,40,31,24.9,66.2,ผักชี
92,56,58,28.2,72.4,ข้าวโพดหวาน
57,35,63,27.6,64.8,ฟักทอง
21,32,28,28.2,55.7,ถั่วฝักยาว
47,35,65,27.0,67.9,ฟักทอง
69,50,67,25.7,65.8,มะเขือเทศ
42,30,44,21.7,56.2,กระเทียม
34,25,26,31.8,63.4,กะเพรา
84,47,71,22.8,69.1,กะหล่ำปลี
81,45,72,23.6,68.5,กะหล่ำปลี
24,40,26,28.7,56.5,ถั่วฝักยาว
69,53,70,23.5,72.8,มะเขือเทศ
55,33,55,28.8,59.9,ฟักทอง
78,43,61,28.1,77.2,คะน้า
51,31,44,32.3,73.2,ผักบุ้งจีน
83,45,67,28.2,75.7,คะน้า
92,58,54,28.0,68.3,ข้าวโพดหวาน
65,43,44,29.2,76.7,กวางตุ้ง
88,54,66,22.1,75.7,กะหล่ำปลี
45,33,54,22.5,63.9,กรีนโอ๊ค
92,56,61,28.3,73.3,ข้าวโพดหวาน
57,32,45,20.9,66.1,หัวไชเท้า
52,31,36,30.4,74.3,ผักบุ้งจีน
90,56,55,25.8,69.1,ข้าวโพดหวาน
41,25,28,30.8,61.1,กะเพรา
35,28,34,24.2,64.8,ผักชี
39,35,46,23.8,61.0,ผักชี
59,42,53,26.4,76.6,กวางตุ้ง
74,40,59,27.6,84.3,คะน้า
47,35,42,21.8,66.7,กรีนโอ๊ค
89,49,73,22.3,67.5,กะหล่ำปลี
54,39,46,28.9,76.7,กวางตุ้ง
40,33,31,25.6,62.7,ผักชี
88,60,62,29.5,70.0,ข้าวโพดหวาน
88,46,54,28.9,79.1,ข้าวโพดหวาน
36,31,31,33.5,55.8,กะเพรา
47,31,27,23.9,65.1,ผักชี
81,48,74,21.7,73.2,กะหล่ำปลี
64,41,52,26.9,76.2,กวางตุ้ง
83,56,58,31.2,70.0,ข้าวโพดหวาน
54,38,45,21.2,71.2,กรีนโอ๊ค
47,37,61,27.4,67.4,ฟักทอง
29,28,28,30.7,53.6,กะเพรา
42,35,48,22.2,60.7,กรีนโอ๊ค
55,33,42,20.3,66.9,หัวไชเท้า
52,28,52,22.2,50.3,กระเทียม
16,19,21,29.9,56.9,พริกขี้หนู
46,33,41,22.9,65.6,กรีนโอ๊ค
35,25,33,32.7,55.9,กะเพรา
77,50,63,23.9,69.3,มะเขือเทศ
48,33,48,21.4,57.5,กรีนโอ๊ค
56,40,45,25.9,63.6,กรีนโอ๊ค
22,18,15,28.7,48.7,พริกขี้หนู
56,36,48,18.4,68.3,หัวไชเท้า
32,23,40,31.9,56.6,กะเพรา
22,16,24,26.9,55.7,พริกขี้หนู
40,27,29,31.9,55.9,กะเพรา
46,37,52,23.3,60.2,กระเทียม
46,35,49,22.6,62.7,กระเทียม
85,53,63,22.6,72.3,กะหล่ำปลี
93,55,68,27.5,68.9,ข้าวโพดหวาน
48,24,45,30.9,82.3,ผักบุ้งจีน
44,38,33,21.8,63.0,ผักชี
82,42,53,26.8,76.4,คะน้า
67,54,67,24.1,64.7,มะเขือเทศ
56,37,46,29.3,74.4,แตงกวา
88,55,62,29.6,73.1,ข้าวโพดหวาน
77,44,61,27.5,71.8,คะน้า
46,31,46,22.5,64.7,กระเทียม
54,38,46,30.4,72.1,แตงกวา
50,29,46,27.8,81.8,ผักบุ้งจีน
39,34,35,23.3,63.8,ผักชี
39,33,41,23.0,65.1,ผักชี
43,35,34,25.7,67.2,ผักชี
78,44,52,26.5,74.4,คะน้า
52,34,50,22.7,63.9,กรีนโอ๊ค
50,36,51,18.6,68.4,หัวไชเท้า
18,19,11,29.9,49.1,พริกขี้หนู
37,20,30,32.0,64.0,กะเพรา
60,48,51,28.1,75.2,กวางตุ้ง
47,26,47,21.6,62.4,กระเทียม
49,40,44,29.4,79.8,แตงกวา
73,48,67,25.3,63.8,มะเขือเทศ
35,36,21,27.8,51.2,ถั่วฝักยาว
78,50,67,22.7,66.9,กะหล่ำปลี
78,51,65,23.9,65.9,มะเขือเทศ
36,23,31,30.6,50.9,กะเพรา
81,48,65,27.7,81.0,คะน้า
82,49,61,27.4,72.7,คะน้า
55,42,45,29.3,73.6,กวางตุ้ง
26,40,32,29.0,58.8,ถั่วฝักยาว
21,14,20,28.3,50.2,พริกขี้หนู
54,36,57,19.5,56.8,หัวไชเท้า
58,33,66,27.1,65.8,ฟักทอง
49,34,56,19.4,61.2,หัวไชเท้า
53,33,48,20.5,58.1,หัวไชเท้า
79,45,56,28.4,80.3,คะน้า
50,25,46,33.2,75.9,ผักบุ้งจีน
45,32,47,25.4,65.2,กรีนโอ๊ค
88,47,65,21.8,71.4,กะหล่ำปลี
48,32,40,29.5,78.6,ผักบุ้งจีน
53,39,66,27.4,64.3,ฟักทอง
82,46,63,24.5,72.7,มะเขือเทศ
80,45,64,27.3,81.2,คะน้า
49,32,36,31.6,76.1,ผักบุ้งจีน
52,35,45,29.1,69.7,แตงกวา
35,28,23,29.1,55.9,กะเพรา
95,53,66,29.6,74.1,ข้าวโพดหวาน
50,34,54,18.6,70.2,หัวไชเท้า
76,46,64,24.6,61.9,มะเขือเทศ
52,39,52,22.8,61.6,กรีนโอ๊ค
43,35,53,23.2,60.7,กรีนโอ๊ค
90,46,67,20.0,67.2,กะหล่ำปลี
72,49,69,24.3,70.8,มะเขือเทศ
34,36,33,24.0,67.4,ผักชี
25,25,31,31.5,55.7,กะเพรา
48,28,38,33.5,79.3,ผักบุ้งจีน
55,38,39,23.4,62.9,กรีนโอ๊ค
53,34,57,29.0,69.0,กวางตุ้ง
20,18,22,28.8,56.7,พริกขี้หนู
63,39,48,29.4,73.2,กวางตุ้ง
55,28,51,20.8,58.7,หัวไชเท้า
79,50,61,25.8,68.7,มะเขือเทศ
33,27,35,32.7,51.7,กะเพรา
17,10,15,30.2,52.9,พริกขี้หนู
51,32,57,27.8,61.0,ฟักทอง
53,46,48,30.1,70.7,แตงกวา
40,28,55,22.6,62.3,กระเทียม
84,51,73,20.6,73.3,กะหล่ำปลี
84,52,61,25.1,66.8,มะเขือเทศ
23,11,17,30.2,49.3,พริกขี้หนู
33,24,23,31.8,57.9,กะเพรา
25,30,25,31.0,59.6,ถั่วฝักยาว
89,60,64,27.8,74.5,ข้าวโพดหวาน
89,55,70,28.4,74.3,ข้าวโพดหวาน
36,28,26,30.7,56.9,กะเพรา
54,40,49,25.5,77.6,แตงกวา
43,34,37,23.5,72.2,ผักชี
20,15,20,30.5,52.4,พริกขี้หนู
37,32,35,24.5,63.6,ผักชี
21,11,19,29.4,56.5,พริกขี้หนู
54,36,45,23.4,65.5,กรีนโอ๊ค
47,35,50,22.6,67.9,กรีนโอ๊ค
89,57,51,28.0,73.8,ข้าวโพดหวาน
29,39,29,26.8,56.2,ถั่วฝักยาว
40,31,33,25.2,67.8,ผักชี
81,54,60,20.6,70.2,กะหล่ำปลี
85,52,64,23.7,73.1,กะหล่ำปลี
29,34,37,27.8,58.8,ถั่วฝักยาว
77,45,65,26.5,75.6,คะน้า
92,50,62,30.1,74.0,ข้าวโพดหวาน
55,33,51,20.6,62.3,หัวไชเท้า
53,30,40,30.9,75.4,ผักบุ้งจีน
78,42,61,27.4,82.2,คะน้า
39,21,27,32.6,48.5,กะเพรา
45,30,46,22.5,59.2,กระเทียม
35,32,36,26.5,64.5,ผักชี
72,43,60,26.9,76.5,คะน้า
92,51,72,22.9,68.6,กะหล่ำปลี
30,30,29,29.7,55.5,ถั่วฝักยาว
88,49,72,27.8,75.6,ข้าวโพดหวาน
33,25,36,29.9,55.0,กะเพรา
39,33,35,24.6,58.9,ผักชี
47,33,68,30.2,67.6,ฟักทอง
50,35,47,30.0,77.5,แตงกวา
38,38,31,24.2,62.7,ผักชี
29,33,27,27.6,57.6,ถั่วฝักยาว
38,29,40,22.5,62.9,ผักชี
84,52,74,21.4,77.4,กะหล่ำปลี
47,38,57,27.3,64.0,ฟักทอง
53,36,44,22.6,64.3,กรีนโอ๊ค
32,24,25,30.1,65.4,กะเพรา
91,55,55,29.2,74.0,ข้าวโพดหวาน
88,52,61,26.7,73.9,ข้าวโพดหวาน
83,49,64,20.9,73.5,กะหล่ำปลี
50,37,48,18.6,63.3,หัวไชเท้า
43,27,50,20.3,61.1,กระเทียม
86,51,66,21.6,68.8,กะหล่ำปลี
85,41,65,28.1,74.8,คะน้า
54,30,40,30.6,77.8,ผักบุ้งจีน
29,28,24,30.7,54.5,กะเพรา
50,35,47,20.3,70.4,กรีนโอ๊ค
84,45,60,25.7,78.8,คะน้า
48,41,62,29.1,69.7,ฟักทอง
46,36,39,24.8,64.2,กรีนโอ๊ค
86,59,66,25.7,72.3,ข้าวโพดหวาน
74,42,56,28.5,76.6,คะน้า
75,46,60,25.1,66.3,มะเขือเทศ
21,35,28,29.5,57.4,ถั่วฝักยาว
50,31,39,31.6,78.2,ผักบุ้งจีน
46,32,40,33.6,75.2,ผักบุ้งจีน
52,32,47,20.7,69.3,หัวไชเท้า
50,28,46,20.7,60.9,กระเทียม
18,41,26,28.3,58.9,ถั่วฝักยาว
58,43,53,27.6,73.4,กวางตุ้ง
54,34,50,19.1,63.0,หัวไชเท้า
56,40,52,29.4,75.7,แตงกวา
92,51,69,22.5,75.0,กะหล่ำปลี
42,26,47,22.2,62.4,กระเทียม
56,35,47,29.5,75.3,กวางตุ้ง
32,20,29,31.3,56.5,กะเพรา
49,41,56,20.2,59.2,หัวไชเท้า
69,55,69,24.8,66.6,มะเขือเทศ
60,43,46,29.2,72.7,กวางตุ้ง
56,41,53,28.5,74.5,แตงกวา
59,37,56,20.5,64.8,หัวไชเท้า
37,18,26,31.1,60.5,กะเพรา
73,52,66,26.8,69.5,มะเขือเทศ
81,42,61,28.4,75.9,คะน้า
89,50,60,26.6,70.3,ข้าวโพดหวาน
56,42,50,30.9,73.6,แตงกวา
60,39,59,29.4,75.4,แตงกวา
22,14,17,29.7,53.3,พริกขี้หนู
46,32,58,27.4,64.9,ฟักทอง
51,35,40,23.0,60.3,กรีนโอ๊ค
46,34,57,28.6,63.2,ฟักทอง
52,27,35,31.6,77.2,ผักบุ้งจีน
50,38,61,28.1,69.0,ฟักทอง
45,29,46,22.6,63.6,กระเทียม
93,55,57,28.9,66.7,ข้าวโพดหวาน
52,35,51,21.5,67.6,หัวไชเท้า
48,40,52,30.8,72.7,แตงกวา
49,34,53,21.7,64.1,หัวไชเท้า
41,29,34,23.0,67.9,ผักชี
38,32,41,24.3,67.2,ผักชี
16,11,16,25.6,53.9,พริกขี้หนู
59,42,52,21.8,67.5,หัวไชเท้า
42,40,39,24.1,63.2,ผักชี
90,49,56,27.6,72.7,ข้าวโพดหวาน
89,55,58,28.4,74.8,ข้าวโพดหวาน
25,33,26,27.8,55.3,ถั่วฝักยาว
49,33,43,26.2,71.6,กรีนโอ๊ค
75,44,56,27.6,75.5,คะน้า
86,53,65,27.1,72.4,ข้าวโพดหวาน
51,33,45,23.5,60.2,กรีนโอ๊ค
78,44,56,27.0,75.2,คะน้า
63,39,51,28.4,72.9,กวางตุ้ง
73,45,72,21.5,77.5,กะหล่ำปลี
24,17,19,30.6,54.3,พริกขี้หนู
75,42,67,26.1,83.8,คะน้า
73,50,68,21.2,68.8,กะหล่ำปลี
56,35,56,19.8,64.9,หัวไชเท้า
84,45,52,25.7,77.3,คะน้า
50,35,41,30.7,80.9,ผักบุ้งจีน
55,38,49,28.0,77.1,กวางตุ้ง
87,49,73,19.6,66.2,กะหล่ำปลี
23,17,16,28.8,53.0,พริกขี้หนู
44,27,46,19.5,60.5,กระเทียม
86,51,55,28.4,73.1,ข้าวโพดหวาน
47,29,48,20.7,55.9,กระเทียม
75,50,60,24.4,68.0,มะเขือเทศ
80,42,65,27.8,76.1,คะน้า
17,36,24,30.9,56.6,ถั่วฝักยาว
52,32,56,20.0,64.9,หัวไชเท้า
52,42,43,23.5,63.1,กรีนโอ๊ค
52,34,47,22.5,63.1,หัวไชเท้า
27,34,33,29.0,55.9,ถั่วฝักยาว
37,34,36,25.4,62.3,ผักชี
59,33,49,20.0,65.9,หัวไชเท้า
42,31,46,21.8,63.1,กรีนโอ๊ค
97,52,67,27.3,69.0,ข้าวโพดหวาน
56,35,46,20.7,59.8,หัวไชเท้า
19,13,22,28.5,57.6,พริกขี้หนู
26,34,30,27.4,61.5,ถั่วฝักยาว
54,32,55,28.3,61.4,ฟักทอง
44,30,50,21.5,60.2,หัวไชเท้า
20,15,20,29.0,53.8,พริกขี้หนู
84,42,65,26.9,74.9,คะน้า
43,28,45,24.6,66.2,กรีนโอ๊ค
82,43,63,25.3,81.7,คะน้า
58,43,56,29.7,70.5,กวางตุ้ง
89,55,58,28.1,71.3,ข้าวโพดหวาน
82,49,77,21.6,77.8,กะหล่ำปลี
28,23,23,29.7,54.5,กะเพรา
40,35,39,24.4,70.2,ผักชี
87,60,61,27.3,69.9,ข้าวโพดหวาน
18,15,15,29.5,49.3,พริกขี้หนู
32,32,25,28.9,57.6,ถั่วฝักยาว
61,33,57,28.8,62.9,ฟักทอง
83,46,59,22.7,72.0,กะหล่ำปลี
51,37,52,20.3,71.1,หัวไชเท้า
75,45,64,24.0,70.4,มะเขือเทศ
46,30,47,23.5,66.6,กระเทียม
24,19,26,29.9,51.1,พริกขี้หนู
24,40,29,26.9,56.2,ถั่วฝักยาว
58,40,52,28.0,70.4,แตงกวา
90,58,60,25.9,70.7,ข้าวโพดหวาน
85,48,70,18.7,72.6,กะหล่ำปลี
52,40,46,28.8,70.1,แตงกวา
81,49,67,23.1,72.6,กะหล่ำปลี
44,32,56,21.3,56.5,กระเทียม
55,32,48,19.3,68.2,หัวไชเท้า
54,35,50,23.7,62.8,กรีนโอ๊ค
94,53,58,30.8,69.5,ข้าวโพดหวาน
52,37,43,24.2,61.2,กรีนโอ๊ค
23,17,20,29.8,51.9,พริกขี้หนู
91,51,71,21.6,62.7,กะหล่ำปลี
60,39,45,28.8,70.4,แตงกวา
59,38,47,28.9,66.7,กวางตุ้ง
31,25,27,32.9,62.6,กะเพรา
51,36,51,21.9,64.9,หัวไชเท้า
49,37,47,22.0,67.3,กรีนโอ๊ค
54,33,63,31.6,65.4,ฟักทอง
56,41,42,28.1,73.1,กวางตุ้ง
91,59,58,28.6,74.8,ข้าวโพดหวาน
55,40,46,28.8,68.9,กวางตุ้ง
40,30,39,23.8,68.9,ผักชี
11,11,27,31.0,52.2,พริกขี้หนู
38,38,33,22.4,67.6,ผักชี
80,51,57,26.6,68.5,มะเขือเทศ
39,31,40,22.4,64.3,ผักชี
95,55,58,29.3,68.0,ข้าวโพดหวาน
51,28,42,33.7,78.6,ผักบุ้งจีน
84,49,56,26.0,77.5,คะน้า
49,25,50,23.7,64.7,กระเทียม
41,29,58,28.3,69.6,ฟักทอง
79,48,60,26.1,81.5,คะน้า
47,29,36,30.5,79.3,ผักบุ้งจีน
49,34,50,22.1,57.3,กระเทียม
47,31,52,22.1,56.3,กระเทียม
76,40,57,28.2,79.8,คะน้า
45,33,47,20.7,64.4,หัวไชเท้า
34,34,39,23.9,66.8,ผักชี
80,45,57,27.2,75.9,คะน้า
55,29,40,29.3,76.1,ผักบุ้งจีน
83,52,74,20.1,66.6,กะหล่ำปลี
88,47,69,21.5,71.3,กะหล่ำปลี
25,35,27,29.5,51.5,ถั่วฝักยาว
22,37,28,26.3,57.8,ถั่วฝักยาว
44,39,63,29.7,66.4,ฟักทอง
21,15,16,26.3,53.5,พริกขี้หนู
41,32,35,22.2,58.8,ผักชี
84,47,63,24.8,67.2,กะหล่ำปลี
57,41,41,27.8,71.9,กวางตุ้ง
51,35,61,25.7,64.1,ฟักทอง
50,37,58,28.5,65.1,ฟักทอง
51,35,48,22.4,68.9,หัวไชเท้า
81,45,52,25.7,81.3,คะน้า
75,52,62,26.0,70.3,มะเขือเทศ
86,55,65,27.8,72.5,ข้าวโพดหวาน
39,34,30,25.0,65.6,ผักชี
49,37,38,24.2,64.5,ผักชี
95,57,59,26.7,77.8,ข้าวโพดหวาน
55,33,63,31.4,66.2,ฟักทอง
57,37,53,28.4,72.2,แตงกวา
55,39,53,21.8,63.0,หัวไชเท้า
48,33,56,19.1,72.4,หัวไชเท้า
94,54,60,26.2,75.6,ข้าวโพดหวาน
62,42,50,30.2,73.4,กวางตุ้ง
29,34,31,28.8,53.8,ถั่วฝักยาว
68,53,57,25.3,71.1,มะเขือเทศ
61,41,43,29.4,74.1,กวางตุ้ง
94,56,64,25.9,70.2,ข้าวโพดหวาน
80,49,69,20.9,75.1,กะหล่ำปลี
87,45,58,25.1,77.1,คะน้า
54,36,42,19.0,61.2,หัวไชเท้า
32,25,29,30.0,54.0,กะเพรา
31,27,29,29.9,57.7,ถั่วฝักยาว
52,28,42,32.2,80.2,ผักบุ้งจีน
84,48,70,22.7,73.4,กะหล่ำปลี
16,14,17,29.9,51.0,พริกขี้หนู
88,55,57,28.0,67.9,ข้าวโพดหวาน
46,26,45,22.1,56.3,กระเทียม
49,33,64,28.2,66.2,ฟักทอง
87,60,66,28.0,77.4,ข้าวโพดหวาน
75,50,71,25.1,71.7,มะเขือเทศ
55,38,46,27.8,70.1,กวางตุ้ง
74,54,64,25.4,72.8,มะเขือเทศ
69,50,66,25.6,71.7,มะเขือเทศ
43,32,40,29.5,73.5,ผักบุ้งจีน
46,34,46,21.8,60.4,กรีนโอ๊ค
46,40,41,21.9,66.9,กรีนโอ๊ค
38,33,42,20.1,59.4,กระเทียม
88,57,60,27.9,70.3,ข้าวโพดหวาน
38,31,30,23.6,67.3,ผักชี
57,41,52,30.5,78.5,แตงกวา
49,31,34,32.7,77.7,ผักบุ้งจีน
42,33,32,23.9,67.1,ผักชี
87,47,59,26.8,76.8,คะน้า
42,28,55,21.9,55.4,กระเทียม
70,43,61,25.8,78.2,คะน้า
58,42,53,28.6,77.2,กวางตุ้ง
51,34,37,25.6,69.2,กรีนโอ๊ค
54,31,53,21.7,58.1,กระเทียม
39,34,38,24.7,64.1,ผักชี
26,35,24,29.1,54.1,ถั่วฝักยาว
35,29,49,22.6,58.2,กระเทียม
46,34,26,21.6,65.1,ผักชี
23,34,27,28.4,49.8,ถั่วฝักยาว
61,40,44,29.4,72.9,แตงกวา
28,25,25,31.2,62.8,กะเพรา
49,31,45,30.4,75.2,ผักบุ้งจีน
85,47,78,23.2,69.4,กะหล่ำปลี
80,43,51,26.5,76.9,คะน้า
80,45,71,21.1,71.2,กะหล่ำปลี
34,36,27,21.5,67.6,ผักชี
45,30,36,30.9,79.2,ผักบุ้งจีน
46,29,37,21.2,69.8,กรีนโอ๊ค
22,32,30,28.2,57.0,ถั่วฝักยาว
59,38,56,28.1,78.4,กวางตุ้ง
42,34,47,23.5,71.3,กรีนโอ๊ค
18,16,25,27.5,50.0,พริกขี้หนู
35,33,36,24.7,68.4,ผักชี
54,38,40,22.1,68.9,กรีนโอ๊ค
40,32,37,24.0,56.9,ผักชี
93,53,60,29.7,72.1,ข้าวโพดหวาน
41,28,55,20.6,61.6,กระเทียม
37,25,29,30.5,58.3,กะเพรา
18,11,18,30.7,45.6,พริกขี้หนู
50,30,59,19.8,65.9,หัวไชเท้า
39,21,31,29.9,61.7,กะเพรา
53,28,40,30.4,76.5,ผักบุ้งจีน
52,34,55,22.3,65.9,หัวไชเท้า
41,35,28,22.8,74.6,ผักชี
48,35,58,29.4,61.6,ฟักทอง
80,51,67,20.6,73.8,กะหล่ำปลี
89,52,52,29.3,69.6,ข้าวโพดหวาน
45,36,54,27.6,71.8,ฟักทอง
87,55,57,27.1,70.6,ข้าวโพดหวาน
50,41,54,29.9,75.8,แตงกวา
49,34,40,30.0,83.3,ผักบุ้งจีน
28,35,21,27.3,61.4,ถั่วฝักยาว
87,45,69,20.8,69.7,กะหล่ำปลี
44,29,36,30.1,82.3,ผักบุ้งจีน
60,35,45,19.7,61.5,หัวไชเท้า
53,39,54,20.3,57.2,หัวไชเท้า
30,24,29,31.7,60.3,กะเพรา
20,14,19,30.6,49.5,พริกขี้หนู
51,31,39,22.1,66.9,หัวไชเท้า
18,14,27,27.4,58.9,พริกขี้หนู
87,48,73,22.6,69.7,กะหล่ำปลี
47,34,37,23.0,66.1,ผักชี
58,45,50,29.5,68.6,แตงกวา
19,18,15,29.3,50.0,พริกขี้หนู
92,45,65,20.3,68.7,กะหล่ำปลี
76,49,69,25.3,68.4,มะเขือเทศ
56,35,49,19.2,66.8,หัวไชเท้า
81,43,70,20.6,69.3,กะหล่ำปลี
49,38,61,26.1,65.3,ฟักทอง
72,46,67,26.0,68.0,มะเขือเทศ
55,31,57,27.8,66.4,ฟักทอง
48,25,57,22.0,56.3,กระเทียม
81,44,56,28.3,83.8,คะน้า
49,32,45,31.7,78.0,ผักบุ้งจีน
51,34,46,23.6,67.6,กรีนโอ๊ค
59,32,41,19.4,68.5,หัวไชเท้า
76,46,54,25.2,67.3,มะเขือเทศ
50,28,51,20.3,67.1,กระเทียม
55,47,51,28.3,69.1,แตงกวา
79,49,66,24.9,63.9,มะเขือเทศ
90,57,63,28.4,74.1,ข้าวโพดหวาน
66,44,44,29.3,70.2,กวางตุ้ง
79,53,66,23.9,66.6,มะเขือเทศ
24,19,19,30.4,50.8,พริกขี้หนู
84,49,65,26.9,70.9,ข้าวโพดหวาน
81,50,79,20.0,73.8,กะหล่ำปลี
50,27,41,29.0,81.6,ผักบุ้งจีน
72,47,67,24.1,68.2,มะเขือเทศ
36,25,31,34.5,54.5,กะเพรา
93,59,57,30.6,68.5,ข้าวโพดหวาน
75,50,56,25.6,82.0,คะน้า
18,19,17,30.6,54.9,พริกขี้หนู
19,35,29,27.2,52.9,ถั่วฝักยาว
50,35,47,23.3,60.4,กรีนโอ๊ค
49,30,56,20.8,56.2,กระเทียม
38,36,40,23.2,65.3,ผักชี
81,48,67,18.6,72.5,กะหล่ำปลี
82,45,57,27.3,80.5,คะน้า
43,32,44,23.0,62.7,กรีนโอ๊ค
79,52,65,26.8,69.5,มะเขือเทศ
45,34,43,30.7,78.1,ผักบุ้งจีน
98,55,56,28.5,72.7,ข้าวโพดหวาน
55,39,48,28.7,74.1,แตงกวา
79,43,64,25.3,74.6,คะน้า
40,27,45,23.8,64.4,กระเทียม
83,49,68,23.3,76.4,กะหล่ำปลี
55,30,48,30.2,84.1,ผักบุ้งจีน
50,31,43,25.0,61.0,กรีนโอ๊ค
23,12,17,29.5,54.8,พริกขี้หนู
84,57,57,27.3,70.4,ข้าวโพดหวาน
22,16,26,29.4,54.3,พริกขี้หนู
48,37,46,24.0,57.9,กรีนโอ๊ค
79,43,54,25.7,70.9,คะน้า
53,34,47,20.1,65.7,หัวไชเท้า
52,41,51,29.1,75.3,แตงกวา
78,44,61,26.4,79.8,คะน้า
45,25,41,21.4,59.5,กระเทียม
86,58,65,26.9,71.5,ข้าวโพดหวาน
51,40,59,29.6,68.1,ฟักทอง
7,15,19,29.2,52.2,พริกขี้หนู
51,33,42,22.6,60.5,กรีนโอ๊ค
50,36,45,23.8,68.1,กรีนโอ๊ค
30,21,33,30.7,58.4,กะเพรา
77,49,57,27.1,66.5,มะเขือเทศ
60,39,61,27.6,62.2,ฟักทอง
50,42,46,22.7,61.9,กรีนโอ๊ค
41,28,52,21.1,59.5,กระเทียม
45,34,55,29.9,62.7,ฟักทอง
53,30,45,22.8,68.9,กรีนโอ๊ค
80,50,67,23.2,72.2,มะเขือเทศ
81,44,56,28.3,86.1,คะน้า
44,31,63,28.7,69.9,ฟักทอง
81,47,65,25.7,77.9,คะน้า
36,24,22,31.9,59.3,กะเพรา
26,33,28,30.2,60.0,ถั่วฝักยาว
60,31,45,20.0,57.7,หัวไชเท้า
37,26,36,33.0,55.6,กะเพรา
50,43,52,30.0,66.0,แตงกวา
45,31,44,23.1,65.0,กรีนโอ๊ค
71,49,69,25.0,66.8,มะเขือเทศ
17,9,28,27.8,48.3,พริกขี้หนู
23,14,23,28.0,50.3,พริกขี้หนู
40,29,51,21.4,58.1,กระเทียม
48,31,46,21.0,56.5,กระเทียม
44,32,60,26.8,70.6,ฟักทอง
30,36,30,29.3,59.6,ถั่วฝักยาว
75,53,72,21.2,74.0,กะหล่ำปลี
16,15,18,29.4,54.0,พริกขี้หนู
88,55,51,26.4,74.1,ข้าวโพดหวาน
15,38,28,26.9,61.3,ถั่วฝักยาว
83,45,72,20.1,68.0,กะหล่ำปลี
51,36,50,22.2,59.8,กรีนโอ๊ค
18,16,20,28.8,52.0,พริกขี้หนู
39,35,38,24.8,66.0,ผักชี
90,50,75,23.8,68.0,กะหล่ำปลี
21,14,26,28.6,49.1,พริกขี้หนู
20,16,18,29.8,49.5,พริกขี้หนู
57,34,56,19.2,66.7,หัวไชเท้า
63,41,51,29.0,65.3,กวางตุ้ง
87,56,67,30.2,70.0,ข้าวโพดหวาน
84,41,64,27.2,76.8,คะน้า
33,24,25,32.7,51.7,กะเพรา
48,24,41,31.8,76.3,ผักบุ้งจีน
71,45,59,25.0,79.4,คะน้า
61,41,52,28.2,71.6,กวางตุ้ง
37,36,39,23.5,68.2,ผักชี
48,36,58,28.1,65.6,ฟักทอง
28,35,25,28.6,55.0,ถั่วฝักยาว
28,14,21,29.6,48.5,พริกขี้หนู
96,57,61,28.8,74.4,ข้าวโพดหวาน
88,61,64,28.2,72.7,ข้าวโพดหวาน
88,40,52,27.9,75.6,คะน้า
45,32,63,29.0,67.5,ฟักทอง
16,35,29,27.1,58.7,ถั่วฝักยาว
85,47,60,20.2,70.6,กะหล่ำปลี
55,32,40,30.2,80.4,ผักบุ้งจีน
88,55,71,22.8,71.5,กะหล่ำปลี
49,41,52,26.1,69.1,แตงกวา
45,34,40,23.0,66.2,กรีนโอ๊ค
65,33,62,29.8,72.8,กวางตุ้ง
41,18,30,33.8,56.8,กะเพรา
26,33,26,28.9,58.7,ถั่วฝักยาว
73,46,57,26.2,63.5,มะเขือเทศ
21,31,31,28.3,65.6,ถั่วฝักยาว
50,31,36,33.5,74.5,ผักบุ้งจีน
44,35,59,28.2,66.1,ฟักทอง
75,48,62,26.0,65.7,มะเขือเทศ
60,42,51,27.0,75.0,กวางตุ้ง
58,39,56,29.2,71.0,กวางตุ้ง
58,36,50,21.6,63.9,หัวไชเท้า
37,33,31,26.0,67.9,ผักชี
82,47,61,26.4,80.9,คะน้า
64,38,50,28.8,71.1,กวางตุ้ง
36,35,35,22.7,68.3,ผักชี
39,26,30,32.6,58.3,กะเพรา
55,40,61,26.8,63.9,ฟักทอง
45,34,46,22.0,61.9,กรีนโอ๊ค
34,39,35,24.5,57.2,ผักชี
69,51,74,26.3,72.9,มะเขือเทศ
40,28,49,21.0,54.1,กระเทียม
48,30,38,32.5,74.9,ผักบุ้งจีน
26,15,23,29.1,49.7,พริกขี้หนู
48,41,50,28.9,67.5,ฟักทอง
31,42,32,27.3,56.1,ถั่วฝักยาว
53,33,50,24.7,64.6,กรีนโอ๊ค
40,31,35,22.7,65.3,ผักชี
82,55,66,21.2,67.7,กะหล่ำปลี
54,34,47,22.2,66.2,หัวไชเท้า
22,12,20,29.4,46.8,พริกขี้หนู
81,51,65,26.0,69.3,มะเขือเทศ
87,49,75,21.1,77.3,กะหล่ำปลี
46,27,39,31.4,79.0,ผักบุ้งจีน
57,37,50,18.6,63.5,หัวไชเท้า
84,47,60,25.2,77.3,คะน้า
29,30,31,27.7,56.7,ถั่วฝักยาว
40,25,24,31.1,58.2,กะเพรา
35,19,24,31.5,56.1,กะเพรา
27,41,31,29.9,58.2,ถั่วฝักยาว
79,54,63,27.3,79.5,ข้าวโพดหวาน
79,54,58,25.0,65.6,มะเขือเทศ
50,27,37,29.3,84.1,ผักบุ้งจีน
69,50,66,24.8,70.5,มะเขือเทศ
57,42,51,29.1,74.3,แตงกวา
72,42,58,29.3,79.9,คะน้า
23,29,26,26.7,59.3,ถั่วฝักยาว
95,56,64,29.5,70.6,ข้าวโพดหวาน
78,38,55,29.3,73.5,คะน้า
52,36,62,26.1,63.0,ฟักทอง
50,32,39,24.4,63.7,กรีนโอ๊ค
91,52,65,20.8,76.4,กะหล่ำปลี
11,15,18,29.0,55.3,พริกขี้หนู
35,27,28,31.7,57.8,กะเพรา
70,53,67,25.1,73.8,มะเขือเทศ
80,50,72,21.2,73.9,กะหล่ำปลี
97,55,69,28.0,71.2,ข้าวโพดหวาน
45,25,37,30.9,78.9,ผักบุ้งจีน
74,49,66,23.6,67.9,มะเขือเทศ
35,30,36,23.2,68.4,ผักชี
93,57,64,27.9,65.5,ข้าวโพดหวาน
75,53,64,23.2,70.9,มะเขือเทศ
26,40,36,28.1,66.8,ถั่วฝักยาว
37,33,31,25.1,62.5,ผักชี
59,38,50,29.1,75.9,กวางตุ้ง
92,55,61,29.4,76.3,ข้าวโพดหวาน
60,28,55,21.5,66.7,หัวไชเท้า
49,32,43,22.4,67.6,กรีนโอ๊ค
45,35,37,24.1,58.9,ผักชี
27,32,29,28.4,58.3,ถั่วฝักยาว
53,44,51,28.0,75.7,แตงกวา
83,48,58,26.8,73.0,คะน้า
19,17,16,26.9,50.1,พริกขี้หนู
57,33,38,29.7,87.0,ผักบุ้งจีน
82,55,63,26.1,73.6,ข้าวโพดหวาน
86,48,78,23.8,72.0,กะหล่ำปลี
55,38,44,23.3,69.3,กรีนโอ๊ค
47,26,53,20.4,62.2,กระเทียม
58,39,43,28.1,75.1,กวางตุ้ง
78,52,72,22.2,72.5,กะหล่ำปลี
49,38,55,28.8,65.1,ฟักทอง
78,40,56,27.8,73.4,คะน้า
